Country Code,Country,Date,Producer_Price_Inflation
AUS,Australia,1970-01-01,4.4
BEL,Belgium,1970-01-01,4.8
CAF,Central African Republic,1970-01-01,-0.2
CAN,Canada,1970-01-01,2.5
CHE,Switzerland,1970-01-01,3.7
COG,"Congo, Rep.",1970-01-01,6.6
COL,Colombia,1970-01-01,8.2
CYP,Cyprus,1970-01-01,16.0
DEU,Germany,1970-01-01,4.9
DNK,Denmark,1970-01-01,7.9
FIN,Finland,1970-01-01,4.4
FRA,France,1970-01-01,1.4
GAB,Gabon,1970-01-01,11.3
GBR,United Kingdom,1970-01-01,7.1
GTM,Guatemala,1970-01-01,2.4
IND,India,1970-01-01,6.3
IRL,Ireland,1970-01-01,5.5
ITA,Italy,1970-01-01,25.1
JPN,Japan,1970-01-01,3.4
KOR,"Korea, Rep.",1970-01-01,9.2
NLD,Netherlands,1970-01-01,7.0
NZL,New Zealand,1970-01-01,5.9
SDN,Sudan,1970-01-01,6.6
THA,Thailand,1970-01-01,-0.5
TWN,"Taiwan, China",1970-01-01,2.7
URY,Uruguay,1970-01-01,13.4
USA,United States,1970-01-01,3.6
ZMB,Zambia,1970-01-01,14.3
AUS,Australia,1971-01-01,4.9
BEL,Belgium,1971-01-01,-0.6
CAF,Central African Republic,1971-01-01,5.2
CAN,Canada,1971-01-01,1.9
CHE,Switzerland,1971-01-01,4.0
COG,"Congo, Rep.",1971-01-01,0.7
COL,Colombia,1971-01-01,11.5
DEU,Germany,1971-01-01,4.2
DNK,Denmark,1971-01-01,3.5
FIN,Finland,1971-01-01,5.0
FRA,France,1971-01-01,-19.7
GAB,Gabon,1971-01-01,4.0
GBR,United Kingdom,1971-01-01,9.0
GTM,Guatemala,1971-01-01,2.1
IND,India,1971-01-01,5.4
IRL,Ireland,1971-01-01,5.3
JPN,Japan,1971-01-01,-0.8
KOR,"Korea, Rep.",1971-01-01,8.6
NLD,Netherlands,1971-01-01,5.5
NZL,New Zealand,1971-01-01,8.1
SDN,Sudan,1971-01-01,-4.3
THA,Thailand,1971-01-01,0.2
TWN,"Taiwan, China",1971-01-01,0.0
URY,Uruguay,1971-01-01,21.2
USA,United States,1971-01-01,3.3
ZAF,South Africa,1971-01-01,5.0
ZMB,Zambia,1971-01-01,0.0
AUS,Australia,1972-01-01,4.8
BEL,Belgium,1972-01-01,4.1
CAF,Central African Republic,1972-01-01,6.2
CAN,Canada,1972-01-01,4.5
CHE,Switzerland,1972-01-01,4.1
COG,"Congo, Rep.",1972-01-01,12.8
COL,Colombia,1972-01-01,18.3
DEU,Germany,1972-01-01,2.6
DNK,Denmark,1972-01-01,5.8
FIN,Finland,1972-01-01,8.4
GAB,Gabon,1972-01-01,4.9
GBR,United Kingdom,1972-01-01,5.2
GTM,Guatemala,1972-01-01,-0.7
IND,India,1972-01-01,8.5
IRL,Ireland,1972-01-01,10.7
JPN,Japan,1972-01-01,1.6
KOR,"Korea, Rep.",1972-01-01,13.9
NLD,Netherlands,1972-01-01,4.8
NZL,New Zealand,1972-01-01,6.8
SDN,Sudan,1972-01-01,9.1
SWE,Sweden,1972-01-01,4.5
THA,Thailand,1972-01-01,7.8
TWN,"Taiwan, China",1972-01-01,4.5
URY,Uruguay,1972-01-01,89.8
USA,United States,1972-01-01,4.4
ZAF,South Africa,1972-01-01,6.3
ZMB,Zambia,1972-01-01,4.2
AUS,Australia,1973-01-01,8.6
BEL,Belgium,1973-01-01,12.3
CAF,Central African Republic,1973-01-01,2.4
CAN,Canada,1973-01-01,11.1
CHE,Switzerland,1973-01-01,8.5
COG,"Congo, Rep.",1973-01-01,5.3
COL,Colombia,1973-01-01,28.0
DEU,Germany,1973-01-01,6.6
DNK,Denmark,1973-01-01,14.7
ESP,Spain,1973-01-01,51.7
FIN,Finland,1973-01-01,17.5
GAB,Gabon,1973-01-01,7.2
GBR,United Kingdom,1973-01-01,7.5
GTM,Guatemala,1973-01-01,14.3
IND,India,1973-01-01,16.5
IRL,Ireland,1973-01-01,18.4
JPN,Japan,1973-01-01,15.7
KOR,"Korea, Rep.",1973-01-01,7.0
NLD,Netherlands,1973-01-01,6.2
NZL,New Zealand,1973-01-01,12.8
SWE,Sweden,1973-01-01,11.3
THA,Thailand,1973-01-01,22.9
TWN,"Taiwan, China",1973-01-01,22.8
URY,Uruguay,1973-01-01,114.3
USA,United States,1973-01-01,13.1
ZAF,South Africa,1973-01-01,12.4
ZMB,Zambia,1973-01-01,12.0
AUS,Australia,1974-01-01,15.3
BEL,Belgium,1974-01-01,16.8
CAF,Central African Republic,1974-01-01,19.8
CAN,Canada,1974-01-01,19.0
CHE,Switzerland,1974-01-01,14.0
COG,"Congo, Rep.",1974-01-01,15.3
COL,Colombia,1974-01-01,36.0
DEU,Germany,1974-01-01,13.4
DNK,Denmark,1974-01-01,21.7
ESP,Spain,1974-01-01,16.4
FIN,Finland,1974-01-01,24.3
GAB,Gabon,1974-01-01,22.5
GBR,United Kingdom,1974-01-01,22.3
GTM,Guatemala,1974-01-01,22.8
IND,India,1974-01-01,28.4
IRL,Ireland,1974-01-01,11.7
JPN,Japan,1974-01-01,27.5
KOR,"Korea, Rep.",1974-01-01,42.1
LUX,Luxembourg,1974-01-01,-35.9
NLD,Netherlands,1974-01-01,9.0
NZL,New Zealand,1974-01-01,8.1
SWE,Sweden,1974-01-01,24.8
THA,Thailand,1974-01-01,28.9
TWN,"Taiwan, China",1974-01-01,40.6
URY,Uruguay,1974-01-01,79.0
USA,United States,1974-01-01,18.8
ZAF,South Africa,1974-01-01,18.6
ZMB,Zambia,1974-01-01,10.7
AUS,Australia,1975-01-01,15.1
BEL,Belgium,1975-01-01,1.2
CAF,Central African Republic,1975-01-01,18.8
CAN,Canada,1975-01-01,11.4
CHE,Switzerland,1975-01-01,1.2
COG,"Congo, Rep.",1975-01-01,14.0
COL,Colombia,1975-01-01,25.4
DEU,Germany,1975-01-01,4.6
DNK,Denmark,1975-01-01,5.7
ESP,Spain,1975-01-01,9.1
FIN,Finland,1975-01-01,11.7
FRA,France,1975-01-01,-4.9
GAB,Gabon,1975-01-01,15.0
GBR,United Kingdom,1975-01-01,22.9
GTM,Guatemala,1975-01-01,12.3
IND,India,1975-01-01,4.1
IRL,Ireland,1975-01-01,26.0
ITA,Italy,1975-01-01,68.2
JPN,Japan,1975-01-01,2.8
KOR,"Korea, Rep.",1975-01-01,26.5
LUX,Luxembourg,1975-01-01,-3.3
NLD,Netherlands,1975-01-01,6.0
NZL,New Zealand,1975-01-01,13.2
SGP,Singapore,1975-01-01,-3.0
SWE,Sweden,1975-01-01,6.6
THA,Thailand,1975-01-01,3.7
TWN,"Taiwan, China",1975-01-01,-5.1
URY,Uruguay,1975-01-01,72.4
USA,United States,1975-01-01,9.2
ZAF,South Africa,1975-01-01,16.4
ZMB,Zambia,1975-01-01,16.1
AUS,Australia,1976-01-01,11.3
BEL,Belgium,1976-01-01,7.1
CAF,Central African Republic,1976-01-01,4.8
CAN,Canada,1976-01-01,5.1
CHE,Switzerland,1976-01-01,-1.0
COG,"Congo, Rep.",1976-01-01,13.5
COL,Colombia,1976-01-01,22.9
DEU,Germany,1976-01-01,3.7
DNK,Denmark,1976-01-01,8.2
ESP,Spain,1976-01-01,13.3
FIN,Finland,1976-01-01,8.2
GAB,Gabon,1976-01-01,17.3
GBR,United Kingdom,1976-01-01,16.5
GTM,Guatemala,1976-01-01,10.5
IND,India,1976-01-01,-2.0
IRL,Ireland,1976-01-01,18.4
ITA,Italy,1976-01-01,33.0
JPN,Japan,1976-01-01,5.5
KOR,"Korea, Rep.",1976-01-01,12.1
NLD,Netherlands,1976-01-01,6.9
NZL,New Zealand,1976-01-01,22.2
SGP,Singapore,1976-01-01,6.7
SWE,Sweden,1976-01-01,8.9
THA,Thailand,1976-01-01,3.9
TWN,"Taiwan, China",1976-01-01,2.8
URY,Uruguay,1976-01-01,50.6
USA,United States,1976-01-01,4.6
ZAF,South Africa,1976-01-01,13.1
ZMB,Zambia,1976-01-01,16.7
AUS,Australia,1977-01-01,10.2
AUT,Austria,1977-01-01,-1.4
BEL,Belgium,1977-01-01,2.4
CAF,Central African Republic,1977-01-01,7.8
CAN,Canada,1977-01-01,7.8
CHE,Switzerland,1977-01-01,-0.1
COL,Colombia,1977-01-01,26.7
DEU,Germany,1977-01-01,2.8
DNK,Denmark,1977-01-01,7.9
ESP,Spain,1977-01-01,20.2
FIN,Finland,1977-01-01,10.1
GAB,Gabon,1977-01-01,14.4
GBR,United Kingdom,1977-01-01,18.9
GTM,Guatemala,1977-01-01,13.0
IND,India,1977-01-01,7.4
IRL,Ireland,1977-01-01,17.8
ITA,Italy,1977-01-01,-22.0
JPN,Japan,1977-01-01,3.3
KOR,"Korea, Rep.",1977-01-01,9.0
NLD,Netherlands,1977-01-01,5.5
NZL,New Zealand,1977-01-01,16.4
SGP,Singapore,1977-01-01,5.0
SWE,Sweden,1977-01-01,9.5
THA,Thailand,1977-01-01,7.8
TWN,"Taiwan, China",1977-01-01,2.8
URY,Uruguay,1977-01-01,50.3
USA,United States,1977-01-01,6.1
ZAF,South Africa,1977-01-01,14.2
ZMB,Zambia,1977-01-01,26.2
AUS,Australia,1978-01-01,8.2
BEL,Belgium,1978-01-01,-1.9
CAF,Central African Republic,1978-01-01,7.6
CAN,Canada,1978-01-01,9.2
CHE,Switzerland,1978-01-01,-1.4
COL,Colombia,1978-01-01,17.6
DEU,Germany,1978-01-01,1.1
DNK,Denmark,1978-01-01,4.4
ESP,Spain,1978-01-01,16.4
FIN,Finland,1978-01-01,5.6
GAB,Gabon,1978-01-01,8.9
GBR,United Kingdom,1978-01-01,9.0
GTM,Guatemala,1978-01-01,3.6
IND,India,1978-01-01,-0.3
IRL,Ireland,1978-01-01,9.0
ISR,Israel,1978-01-01,53.2
ITA,Italy,1978-01-01,-23.8
JPN,Japan,1978-01-01,-0.5
KOR,"Korea, Rep.",1978-01-01,11.7
NLD,Netherlands,1978-01-01,1.5
NOR,Norway,1978-01-01,4.0
NZL,New Zealand,1978-01-01,11.5
SGP,Singapore,1978-01-01,-1.7
SWE,Sweden,1978-01-01,8.0
THA,Thailand,1978-01-01,7.5
TWN,"Taiwan, China",1978-01-01,3.5
URY,Uruguay,1978-01-01,48.6
USA,United States,1978-01-01,7.8
ZAF,South Africa,1978-01-01,9.7
ZMB,Zambia,1978-01-01,18.9
AUS,Australia,1979-01-01,14.8
BEL,Belgium,1979-01-01,6.3
CAF,Central African Republic,1979-01-01,13.8
CAN,Canada,1979-01-01,14.5
CHE,Switzerland,1979-01-01,1.9
COG,"Congo, Rep.",1979-01-01,8.4
COL,Colombia,1979-01-01,27.8
DEU,Germany,1979-01-01,4.8
DNK,Denmark,1979-01-01,8.9
ESP,Spain,1979-01-01,14.5
FIN,Finland,1979-01-01,9.7
FRA,France,1979-01-01,-14.9
GAB,Gabon,1979-01-01,5.9
GBR,United Kingdom,1979-01-01,11.8
GTM,Guatemala,1979-01-01,10.2
HUN,Hungary,1979-01-01,2.1
IND,India,1979-01-01,11.7
IRL,Ireland,1979-01-01,11.9
ISR,Israel,1979-01-01,79.1
ITA,Italy,1979-01-01,18.2
JPN,Japan,1979-01-01,5.0
KOR,"Korea, Rep.",1979-01-01,18.7
NLD,Netherlands,1979-01-01,2.6
NOR,Norway,1979-01-01,7.2
NZL,New Zealand,1979-01-01,17.8
SGP,Singapore,1979-01-01,18.7
SWE,Sweden,1979-01-01,11.9
THA,Thailand,1979-01-01,11.2
TWN,"Taiwan, China",1979-01-01,13.8
URY,Uruguay,1979-01-01,80.4
USA,United States,1979-01-01,12.5
ZAF,South Africa,1979-01-01,13.1
ZMB,Zambia,1979-01-01,17.5
AUS,Australia,1980-01-01,14.0
BEL,Belgium,1980-01-01,5.8
CAF,Central African Republic,1980-01-01,16.1
CAN,Canada,1980-01-01,13.4
CHE,Switzerland,1980-01-01,4.5
COG,"Congo, Rep.",1980-01-01,14.6
COL,Colombia,1980-01-01,24.2
DEU,Germany,1980-01-01,7.6
DNK,Denmark,1980-01-01,16.7
ESP,Spain,1980-01-01,17.4
FIN,Finland,1980-01-01,16.4
GAB,Gabon,1980-01-01,15.7
GBR,United Kingdom,1980-01-01,15.9
GTM,Guatemala,1980-01-01,16.1
HUN,Hungary,1980-01-01,15.4
IND,India,1980-01-01,20.1
IRL,Ireland,1980-01-01,10.9
ISR,Israel,1980-01-01,135.1
ITA,Italy,1980-01-01,45.6
JPN,Japan,1980-01-01,14.9
KOR,"Korea, Rep.",1980-01-01,39.0
NLD,Netherlands,1980-01-01,7.4
NOR,Norway,1980-01-01,13.4
NZL,New Zealand,1980-01-01,22.9
SGP,Singapore,1980-01-01,23.4
SWE,Sweden,1980-01-01,14.1
THA,Thailand,1980-01-01,20.1
TTO,Trinidad and Tobago,1980-01-01,19.4
TWN,"Taiwan, China",1980-01-01,21.5
URY,Uruguay,1980-01-01,41.7
USA,United States,1980-01-01,14.1
ZAF,South Africa,1980-01-01,15.4
ZMB,Zambia,1980-01-01,17.6
AUS,Australia,1981-01-01,8.4
BEL,Belgium,1981-01-01,14.1
CAF,Central African Republic,1981-01-01,14.7
CAN,Canada,1981-01-01,10.2
CHE,Switzerland,1981-01-01,5.6
COG,"Congo, Rep.",1981-01-01,13.3
COL,Colombia,1981-01-01,24.1
DEU,Germany,1981-01-01,7.8
DNK,Denmark,1981-01-01,15.7
ESP,Spain,1981-01-01,15.7
FIN,Finland,1981-01-01,13.5
GAB,Gabon,1981-01-01,10.3
GBR,United Kingdom,1981-01-01,10.7
GTM,Guatemala,1981-01-01,11.7
HUN,Hungary,1981-01-01,6.3
IND,India,1981-01-01,12.3
IRL,Ireland,1981-01-01,16.7
ISR,Israel,1981-01-01,122.7
ITA,Italy,1981-01-01,-51.6
JPN,Japan,1981-01-01,1.4
KOR,"Korea, Rep.",1981-01-01,20.4
LUX,Luxembourg,1981-01-01,10.7
NLD,Netherlands,1981-01-01,8.5
NOR,Norway,1981-01-01,10.5
NZL,New Zealand,1981-01-01,16.9
SGP,Singapore,1981-01-01,2.9
SWE,Sweden,1981-01-01,11.2
THA,Thailand,1981-01-01,9.5
TTO,Trinidad and Tobago,1981-01-01,16.9
TWN,"Taiwan, China",1981-01-01,7.6
URY,Uruguay,1981-01-01,23.5
USA,United States,1981-01-01,9.1
ZAF,South Africa,1981-01-01,13.2
ZMB,Zambia,1981-01-01,5.7
AUS,Australia,1982-01-01,8.9
AUT,Austria,1982-01-01,-2.8
BEL,Belgium,1982-01-01,13.5
CAF,Central African Republic,1982-01-01,14.4
CAN,Canada,1982-01-01,6.7
CHE,Switzerland,1982-01-01,3.7
COG,"Congo, Rep.",1982-01-01,15.0
COL,Colombia,1982-01-01,25.7
DEU,Germany,1982-01-01,5.9
DNK,Denmark,1982-01-01,10.7
ESP,Spain,1982-01-01,12.4
FIN,Finland,1982-01-01,7.5
GAB,Gabon,1982-01-01,14.7
GBR,United Kingdom,1982-01-01,8.5
GTM,Guatemala,1982-01-01,-6.1
HUN,Hungary,1982-01-01,4.8
IND,India,1982-01-01,2.4
IRL,Ireland,1982-01-01,11.8
ISR,Israel,1982-01-01,125.7
ITA,Italy,1982-01-01,13.1
JPN,Japan,1982-01-01,0.4
KOR,"Korea, Rep.",1982-01-01,4.7
LUX,Luxembourg,1982-01-01,17.9
MEX,Mexico,1982-01-01,54.6
NLD,Netherlands,1982-01-01,4.3
NOR,Norway,1982-01-01,8.5
NZL,New Zealand,1982-01-01,15.0
SGP,Singapore,1982-01-01,-5.2
SWE,Sweden,1982-01-01,12.8
THA,Thailand,1982-01-01,0.9
TTO,Trinidad and Tobago,1982-01-01,13.7
TWN,"Taiwan, China",1982-01-01,-0.2
URY,Uruguay,1982-01-01,12.9
USA,United States,1982-01-01,2.0
ZAF,South Africa,1982-01-01,12.7
ZMB,Zambia,1982-01-01,13.0
AUS,Australia,1983-01-01,8.1
BEL,Belgium,1983-01-01,6.7
CAF,Central African Republic,1983-01-01,8.8
CAN,Canada,1983-01-01,3.5
CHE,Switzerland,1983-01-01,1.1
COG,"Congo, Rep.",1983-01-01,7.7
COL,Colombia,1983-01-01,21.7
DEU,Germany,1983-01-01,1.5
DNK,Denmark,1983-01-01,5.0
ESP,Spain,1983-01-01,14.0
FIN,Finland,1983-01-01,5.8
GAB,Gabon,1983-01-01,8.0
GBR,United Kingdom,1983-01-01,6.5
GTM,Guatemala,1983-01-01,1.2
HUN,Hungary,1983-01-01,4.6
IND,India,1983-01-01,7.7
IRL,Ireland,1983-01-01,6.6
ISR,Israel,1983-01-01,144.5
ITA,Italy,1983-01-01,11.0
JPN,Japan,1983-01-01,-0.6
KOR,"Korea, Rep.",1983-01-01,0.2
LUX,Luxembourg,1983-01-01,4.9
MEX,Mexico,1983-01-01,97.9
NLD,Netherlands,1983-01-01,0.7
NOR,Norway,1983-01-01,6.5
NZL,New Zealand,1983-01-01,5.5
SGP,Singapore,1983-01-01,-3.8
SWE,Sweden,1983-01-01,11.1
THA,Thailand,1983-01-01,2.1
TTO,Trinidad and Tobago,1983-01-01,12.5
TWN,"Taiwan, China",1983-01-01,-1.2
URY,Uruguay,1983-01-01,73.5
USA,United States,1983-01-01,1.3
ZAF,South Africa,1983-01-01,10.1
ZMB,Zambia,1983-01-01,23.1
AUS,Australia,1984-01-01,5.4
BEL,Belgium,1984-01-01,7.6
CAF,Central African Republic,1984-01-01,5.9
CAN,Canada,1984-01-01,4.5
CHE,Switzerland,1984-01-01,2.9
COG,"Congo, Rep.",1984-01-01,14.5
COL,Colombia,1984-01-01,18.3
DEU,Germany,1984-01-01,2.9
DNK,Denmark,1984-01-01,7.5
ESP,Spain,1984-01-01,12.2
FIN,Finland,1984-01-01,5.4
FRA,France,1984-01-01,26.8
GAB,Gabon,1984-01-01,7.3
GBR,United Kingdom,1984-01-01,5.9
GTM,Guatemala,1984-01-01,5.6
HUN,Hungary,1984-01-01,5.3
IND,India,1984-01-01,8.5
IRL,Ireland,1984-01-01,7.4
ISR,Israel,1984-01-01,396.5
ITA,Italy,1984-01-01,10.3
JPN,Japan,1984-01-01,0.1
KOR,"Korea, Rep.",1984-01-01,0.7
LUX,Luxembourg,1984-01-01,6.2
MEX,Mexico,1984-01-01,66.4
NLD,Netherlands,1984-01-01,4.0
NOR,Norway,1984-01-01,6.9
NZL,New Zealand,1984-01-01,7.0
SGP,Singapore,1984-01-01,-2.1
SWE,Sweden,1984-01-01,7.7
THA,Thailand,1984-01-01,-3.1
TTO,Trinidad and Tobago,1984-01-01,5.2
TWN,"Taiwan, China",1984-01-01,0.5
URY,Uruguay,1984-01-01,77.4
USA,United States,1984-01-01,2.4
ZAF,South Africa,1984-01-01,8.6
ZMB,Zambia,1984-01-01,24.2
AUS,Australia,1985-01-01,6.6
BEL,Belgium,1985-01-01,2.6
CAF,Central African Republic,1985-01-01,6.7
CAN,Canada,1985-01-01,2.7
CHE,Switzerland,1985-01-01,2.0
COG,"Congo, Rep.",1985-01-01,6.6
COL,Colombia,1985-01-01,24.9
DEU,Germany,1985-01-01,2.4
DNK,Denmark,1985-01-01,2.7
ESP,Spain,1985-01-01,8.0
FIN,Finland,1985-01-01,4.5
GAB,Gabon,1985-01-01,11.8
GBR,United Kingdom,1985-01-01,6.2
GTM,Guatemala,1985-01-01,23.3
HUN,Hungary,1985-01-01,4.9
IND,India,1985-01-01,6.0
IRL,Ireland,1985-01-01,4.0
ISL,Iceland,1985-01-01,9.2
ISR,Israel,1985-01-01,266.1
ITA,Italy,1985-01-01,7.7
JPN,Japan,1985-01-01,-0.8
KOR,"Korea, Rep.",1985-01-01,0.9
LUX,Luxembourg,1985-01-01,3.0
MEX,Mexico,1985-01-01,56.6
NLD,Netherlands,1985-01-01,3.2
NOR,Norway,1985-01-01,4.8
NZL,New Zealand,1985-01-01,15.4
SGP,Singapore,1985-01-01,-3.7
SWE,Sweden,1985-01-01,5.2
THA,Thailand,1985-01-01,0.0
TTO,Trinidad and Tobago,1985-01-01,4.7
TWN,"Taiwan, China",1985-01-01,-2.6
URY,Uruguay,1985-01-01,76.6
USA,United States,1985-01-01,-0.4
ZAF,South Africa,1985-01-01,15.5
ZMB,Zambia,1985-01-01,38.4
AUS,Australia,1986-01-01,5.6
BEL,Belgium,1986-01-01,-11.5
BGR,Bulgaria,1986-01-01,0.9
CAF,Central African Republic,1986-01-01,3.9
CAN,Canada,1986-01-01,0.9
CHE,Switzerland,1986-01-01,-1.3
COG,"Congo, Rep.",1986-01-01,3.7
COL,Colombia,1986-01-01,22.0
DEU,Germany,1986-01-01,-2.5
DNK,Denmark,1986-01-01,-6.8
ESP,Spain,1986-01-01,0.9
FIN,Finland,1986-01-01,-5.2
GAB,Gabon,1986-01-01,-1.8
GBR,United Kingdom,1986-01-01,1.3
GRC,Greece,1986-01-01,3.5
GTM,Guatemala,1986-01-01,42.9
HUN,Hungary,1986-01-01,6.9
IND,India,1986-01-01,5.2
IRL,Ireland,1986-01-01,0.0
ISR,Israel,1986-01-01,45.1
ITA,Italy,1986-01-01,0.2
JPN,Japan,1986-01-01,-4.7
KOR,"Korea, Rep.",1986-01-01,-1.5
LUX,Luxembourg,1986-01-01,-1.6
MEX,Mexico,1986-01-01,86.7
NLD,Netherlands,1986-01-01,-10.2
NOR,Norway,1986-01-01,-3.4
NZL,New Zealand,1986-01-01,5.8
PRT,Portugal,1986-01-01,1.7
SGP,Singapore,1986-01-01,-14.8
SWE,Sweden,1986-01-01,-2.8
THA,Thailand,1986-01-01,-0.4
TTO,Trinidad and Tobago,1986-01-01,6.5
TWN,"Taiwan, China",1986-01-01,-3.3
URY,Uruguay,1986-01-01,67.2
USA,United States,1986-01-01,-2.9
ZAF,South Africa,1986-01-01,18.9
ZMB,Zambia,1986-01-01,106.8
AUS,Australia,1987-01-01,7.3
BEL,Belgium,1987-01-01,-5.0
BGR,Bulgaria,1987-01-01,-0.3
CAF,Central African Republic,1987-01-01,0.7
CAN,Canada,1987-01-01,2.8
CHE,Switzerland,1987-01-01,-0.7
COL,Colombia,1987-01-01,24.9
DEU,Germany,1987-01-01,-2.5
DNK,Denmark,1987-01-01,-0.2
ESP,Spain,1987-01-01,0.8
FIN,Finland,1987-01-01,0.9
GAB,Gabon,1987-01-01,2.4
GBR,United Kingdom,1987-01-01,3.4
HUN,Hungary,1987-01-01,2.9
IND,India,1987-01-01,6.4
IRL,Ireland,1987-01-01,2.4
ISR,Israel,1987-01-01,18.5
ITA,Italy,1987-01-01,3.0
JPN,Japan,1987-01-01,-3.1
KOR,"Korea, Rep.",1987-01-01,0.4
LUX,Luxembourg,1987-01-01,-6.5
MEX,Mexico,1987-01-01,141.4
MYS,Malaysia,1987-01-01,3.7
NLD,Netherlands,1987-01-01,-2.6
NOR,Norway,1987-01-01,3.6
NZL,New Zealand,1987-01-01,7.9
PER,Peru,1987-01-01,58.3
POL,Poland,1987-01-01,26.5
PRT,Portugal,1987-01-01,1.1
SGP,Singapore,1987-01-01,2.2
SWE,Sweden,1987-01-01,2.8
THA,Thailand,1987-01-01,5.9
TTO,Trinidad and Tobago,1987-01-01,4.0
TUR,Turkey,1987-01-01,31.9
TWN,"Taiwan, China",1987-01-01,-3.3
URY,Uruguay,1987-01-01,63.2
USA,United States,1987-01-01,2.6
ZAF,South Africa,1987-01-01,14.4
ZMB,Zambia,1987-01-01,101.3
AUS,Australia,1988-01-01,9.1
AUT,Austria,1988-01-01,-0.2
BEL,Belgium,1988-01-01,1.6
BGR,Bulgaria,1988-01-01,2.0
CAN,Canada,1988-01-01,4.3
CHE,Switzerland,1988-01-01,2.1
COL,Colombia,1988-01-01,28.3
DEU,Germany,1988-01-01,1.3
DNK,Denmark,1988-01-01,3.9
ESP,Spain,1988-01-01,3.0
FIN,Finland,1988-01-01,4.1
GBR,United Kingdom,1988-01-01,3.7
HUN,Hungary,1988-01-01,5.4
IND,India,1988-01-01,7.2
IRL,Ireland,1988-01-01,4.1
ISR,Israel,1988-01-01,17.6
ITA,Italy,1988-01-01,3.5
JPN,Japan,1988-01-01,-0.5
KOR,"Korea, Rep.",1988-01-01,2.7
LUX,Luxembourg,1988-01-01,2.6
MEX,Mexico,1988-01-01,105.3
MLT,Malta,1988-01-01,3.5
MYS,Malaysia,1988-01-01,7.3
NLD,Netherlands,1988-01-01,1.0
NOR,Norway,1988-01-01,4.6
NZL,New Zealand,1988-01-01,5.2
PER,Peru,1988-01-01,657.9
POL,Poland,1988-01-01,59.6
SGP,Singapore,1988-01-01,-1.9
SWE,Sweden,1988-01-01,5.3
THA,Thailand,1988-01-01,8.2
TTO,Trinidad and Tobago,1988-01-01,6.0
TUR,Turkey,1988-01-01,70.5
TWN,"Taiwan, China",1988-01-01,-1.6
URY,Uruguay,1988-01-01,57.4
USA,United States,1988-01-01,4.0
ZAF,South Africa,1988-01-01,13.9
ZMB,Zambia,1988-01-01,4.8
AUS,Australia,1989-01-01,5.1
AUT,Austria,1989-01-01,1.8
BEL,Belgium,1989-01-01,6.6
BGR,Bulgaria,1989-01-01,0.2
CAN,Canada,1989-01-01,2.0
CHE,Switzerland,1989-01-01,3.2
COL,Colombia,1989-01-01,28.2
DEU,Germany,1989-01-01,3.2
DNK,Denmark,1989-01-01,5.7
ESP,Spain,1989-01-01,4.2
FIN,Finland,1989-01-01,5.2
GBR,United Kingdom,1989-01-01,4.8
HUN,Hungary,1989-01-01,15.0
IND,India,1989-01-01,6.3
IRL,Ireland,1989-01-01,4.8
ISR,Israel,1989-01-01,21.0
ITA,Italy,1989-01-01,5.9
JPN,Japan,1989-01-01,1.9
KOR,"Korea, Rep.",1989-01-01,1.5
LUX,Luxembourg,1989-01-01,7.6
MEX,Mexico,1989-01-01,11.5
MYS,Malaysia,1989-01-01,4.0
NLD,Netherlands,1989-01-01,4.7
NOR,Norway,1989-01-01,5.4
NZL,New Zealand,1989-01-01,7.1
PER,Peru,1989-01-01,2494.1
POL,Poland,1989-01-01,218.2
SGP,Singapore,1989-01-01,2.2
SWE,Sweden,1989-01-01,7.7
THA,Thailand,1989-01-01,4.6
TTO,Trinidad and Tobago,1989-01-01,8.9
TUR,Turkey,1989-01-01,64.0
TWN,"Taiwan, China",1989-01-01,-0.4
URY,Uruguay,1989-01-01,73.2
USA,United States,1989-01-01,5.0
ZAF,South Africa,1989-01-01,15.5
ZMB,Zambia,1989-01-01,92.0
AUS,Australia,1990-01-01,6.0
AUT,Austria,1990-01-01,2.9
BEL,Belgium,1990-01-01,-1.0
BGR,Bulgaria,1990-01-01,11.5
CAF,Central African Republic,1990-01-01,1.6
CAN,Canada,1990-01-01,0.3
CHE,Switzerland,1990-01-01,2.3
COL,Colombia,1990-01-01,26.6
CYP,Cyprus,1990-01-01,-11.2
DEU,Germany,1990-01-01,1.7
DNK,Denmark,1990-01-01,1.1
ESP,Spain,1990-01-01,2.1
FIN,Finland,1990-01-01,3.3
GBR,United Kingdom,1990-01-01,6.2
HUN,Hungary,1990-01-01,21.5
IND,India,1990-01-01,9.1
IRL,Ireland,1990-01-01,-1.6
ISR,Israel,1990-01-01,11.6
ITA,Italy,1990-01-01,4.1
JPN,Japan,1990-01-01,1.5
KOR,"Korea, Rep.",1990-01-01,4.2
LUX,Luxembourg,1990-01-01,-2.0
MEX,Mexico,1990-01-01,21.7
MYS,Malaysia,1990-01-01,0.7
NLD,Netherlands,1990-01-01,-2.1
NOR,Norway,1990-01-01,4.0
NZL,New Zealand,1990-01-01,4.7
PER,Peru,1990-01-01,6737.2
POL,Poland,1990-01-01,610.1
SGP,Singapore,1990-01-01,3.9
SWE,Sweden,1990-01-01,4.5
THA,Thailand,1990-01-01,3.5
TTO,Trinidad and Tobago,1990-01-01,1.4
TUR,Turkey,1990-01-01,52.3
TWN,"Taiwan, China",1990-01-01,-0.6
URY,Uruguay,1990-01-01,107.7
USA,United States,1990-01-01,3.6
ZAF,South Africa,1990-01-01,11.8
ZMB,Zambia,1990-01-01,117.0
AUS,Australia,1991-01-01,1.5
AUT,Austria,1991-01-01,0.9
BEL,Belgium,1991-01-01,-1.0
BGR,Bulgaria,1991-01-01,296.3
CAF,Central African Republic,1991-01-01,-1.1
CAN,Canada,1991-01-01,-1.0
CHE,Switzerland,1991-01-01,1.3
COL,Colombia,1991-01-01,27.6
CYP,Cyprus,1991-01-01,17.2
DEU,Germany,1991-01-01,2.4
DNK,Denmark,1991-01-01,0.9
ESP,Spain,1991-01-01,1.5
FIN,Finland,1991-01-01,0.3
GBR,United Kingdom,1991-01-01,5.3
GRC,Greece,1991-01-01,4.8
HKG,"Hong Kong SAR, China",1991-01-01,3.5
HUN,Hungary,1991-01-01,34.4
IND,India,1991-01-01,13.5
IRL,Ireland,1991-01-01,0.9
ISR,Israel,1991-01-01,16.0
ITA,Italy,1991-01-01,3.3
JPN,Japan,1991-01-01,1.0
KOR,"Korea, Rep.",1991-01-01,4.7
LUX,Luxembourg,1991-01-01,-2.6
MEX,Mexico,1991-01-01,21.6
MYS,Malaysia,1991-01-01,4.0
NLD,Netherlands,1991-01-01,0.4
NOR,Norway,1991-01-01,2.4
NZL,New Zealand,1991-01-01,0.8
PER,Peru,1991-01-01,306.3
POL,Poland,1991-01-01,48.8
ROU,Romania,1991-01-01,240.7
SGP,Singapore,1991-01-01,-7.4
SWE,Sweden,1991-01-01,1.4
THA,Thailand,1991-01-01,6.8
TTO,Trinidad and Tobago,1991-01-01,0.2
TUR,Turkey,1991-01-01,55.4
TWN,"Taiwan, China",1991-01-01,0.2
URY,Uruguay,1991-01-01,87.6
USA,United States,1991-01-01,0.2
ZAF,South Africa,1991-01-01,11.3
ZMB,Zambia,1991-01-01,93.0
ARM,Armenia,1992-01-01,800.0
AUS,Australia,1992-01-01,1.5
AUT,Austria,1992-01-01,-0.2
BEL,Belgium,1992-01-01,-1.8
BGR,Bulgaria,1992-01-01,-60.7
CAN,Canada,1992-01-01,0.5
CHE,Switzerland,1992-01-01,0.7
COL,Colombia,1992-01-01,20.1
CRI,Costa Rica,1992-01-01,18.4
DEU,Germany,1992-01-01,1.4
DNK,Denmark,1992-01-01,-1.1
ESP,Spain,1992-01-01,1.3
FIN,Finland,1992-01-01,1.1
GBR,United Kingdom,1992-01-01,3.1
HKG,"Hong Kong SAR, China",1992-01-01,1.9
HUN,Hungary,1992-01-01,10.0
IND,India,1992-01-01,11.9
IRL,Ireland,1992-01-01,1.6
IRN,"Iran, Islamic Rep.",1992-01-01,28.7
ISR,Israel,1992-01-01,10.2
ITA,Italy,1992-01-01,1.9
JPN,Japan,1992-01-01,-0.9
KOR,"Korea, Rep.",1992-01-01,2.2
LUX,Luxembourg,1992-01-01,-2.7
MEX,Mexico,1992-01-01,12.3
MYS,Malaysia,1992-01-01,1.1
NLD,Netherlands,1992-01-01,-1.2
NOR,Norway,1992-01-01,-0.4
NZL,New Zealand,1992-01-01,2.1
PER,Peru,1992-01-01,57.2
POL,Poland,1992-01-01,27.7
ROU,Romania,1992-01-01,203.6
SGP,Singapore,1992-01-01,-6.7
SWE,Sweden,1992-01-01,-1.3
THA,Thailand,1992-01-01,0.2
TTO,Trinidad and Tobago,1992-01-01,0.8
TUR,Turkey,1992-01-01,62.1
TWN,"Taiwan, China",1992-01-01,-3.7
URY,Uruguay,1992-01-01,58.3
USA,United States,1992-01-01,0.6
ZAF,South Africa,1992-01-01,7.6
ZMB,Zambia,1992-01-01,131.7
ARM,Armenia,1993-01-01,764.4
AUS,Australia,1993-01-01,2.0
AUT,Austria,1993-01-01,-0.4
BEL,Belgium,1993-01-01,-2.5
BGR,Bulgaria,1993-01-01,-82.8
BRA,Brazil,1993-01-01,2068.3
CAN,Canada,1993-01-01,3.6
CHE,Switzerland,1993-01-01,0.4
COL,Colombia,1993-01-01,14.2
CRI,Costa Rica,1993-01-01,5.2
CZE,Czech Republic,1993-01-01,9.2
DEU,Germany,1993-01-01,0.2
DNK,Denmark,1993-01-01,-0.5
ESP,Spain,1993-01-01,2.5
FIN,Finland,1993-01-01,3.0
GBR,United Kingdom,1993-01-01,4.0
HKG,"Hong Kong SAR, China",1993-01-01,0.7
HRV,Croatia,1993-01-01,1510.2
HUN,Hungary,1993-01-01,13.9
IND,India,1993-01-01,7.5
IRL,Ireland,1993-01-01,4.6
IRN,"Iran, Islamic Rep.",1993-01-01,22.3
ISR,Israel,1993-01-01,8.2
ITA,Italy,1993-01-01,3.8
JPN,Japan,1993-01-01,-1.6
KOR,"Korea, Rep.",1993-01-01,1.5
LTU,Lithuania,1993-01-01,392.9
LUX,Luxembourg,1993-01-01,-1.3
MEX,Mexico,1993-01-01,7.4
MLT,Malta,1993-01-01,2.0
MYS,Malaysia,1993-01-01,1.4
NLD,Netherlands,1993-01-01,-1.9
NOR,Norway,1993-01-01,-1.0
NZL,New Zealand,1993-01-01,2.5
PER,Peru,1993-01-01,47.6
POL,Poland,1993-01-01,32.2
ROU,Romania,1993-01-01,168.7
RUS,Russian Federation,1993-01-01,939.9
SGP,Singapore,1993-01-01,-3.9
SVN,Slovenia,1993-01-01,21.6
SWE,Sweden,1993-01-01,6.3
THA,Thailand,1993-01-01,-0.4
TTO,Trinidad and Tobago,1993-01-01,5.3
TUR,Turkey,1993-01-01,58.0
TWN,"Taiwan, China",1993-01-01,2.5
UKR,Ukraine,1993-01-01,14400.0
URY,Uruguay,1993-01-01,33.4
USA,United States,1993-01-01,1.5
ZAF,South Africa,1993-01-01,6.5
ARM,Armenia,1994-01-01,3950.3
AUS,Australia,1994-01-01,0.8
AUT,Austria,1994-01-01,1.3
BEL,Belgium,1994-01-01,1.6
BGR,Bulgaria,1994-01-01,1146.3
BLR,Belarus,1994-01-01,2200.0
BRA,Brazil,1994-01-01,2278.9
CAN,Canada,1994-01-01,6.1
CHE,Switzerland,1994-01-01,-0.5
COL,Colombia,1994-01-01,17.2
CRI,Costa Rica,1994-01-01,13.1
CYP,Cyprus,1994-01-01,30.5
CZE,Czech Republic,1994-01-01,2.5
DEU,Germany,1994-01-01,0.6
DNK,Denmark,1994-01-01,1.2
ESP,Spain,1994-01-01,4.3
FIN,Finland,1994-01-01,1.4
GBR,United Kingdom,1994-01-01,2.5
GRC,Greece,1994-01-01,-13.8
HKG,"Hong Kong SAR, China",1994-01-01,2.1
HRV,Croatia,1994-01-01,77.7
HUN,Hungary,1994-01-01,12.3
IND,India,1994-01-01,11.9
IRL,Ireland,1994-01-01,1.1
IRN,"Iran, Islamic Rep.",1994-01-01,29.9
ISR,Israel,1994-01-01,7.9
ITA,Italy,1994-01-01,3.7
JPN,Japan,1994-01-01,-1.6
KGZ,Kyrgyz Republic,1994-01-01,215.3
KOR,"Korea, Rep.",1994-01-01,2.7
LTU,Lithuania,1994-01-01,44.7
LUX,Luxembourg,1994-01-01,0.9
LVA,Latvia,1994-01-01,17.0
MEX,Mexico,1994-01-01,6.1
MKD,North Macedonia,1994-01-01,89.5
MLT,Malta,1994-01-01,7.1
MYS,Malaysia,1994-01-01,4.9
NLD,Netherlands,1994-01-01,0.8
NOR,Norway,1994-01-01,1.3
NZL,New Zealand,1994-01-01,1.4
PER,Peru,1994-01-01,17.9
PHL,Philippines,1994-01-01,4.1
POL,Poland,1994-01-01,30.1
ROU,Romania,1994-01-01,140.5
RUS,Russian Federation,1994-01-01,336.8
SGP,Singapore,1994-01-01,-3.4
SVK,Slovakia,1994-01-01,10.0
SVN,Slovenia,1994-01-01,17.7
SWE,Sweden,1994-01-01,4.8
THA,Thailand,1994-01-01,4.0
TTO,Trinidad and Tobago,1994-01-01,5.4
TUR,Turkey,1994-01-01,121.3
TWN,"Taiwan, China",1994-01-01,2.2
UKR,Ukraine,1994-01-01,1140.0
URY,Uruguay,1994-01-01,34.2
USA,United States,1994-01-01,1.3
ZAF,South Africa,1994-01-01,8.8
ARG,Argentina,1995-01-01,4.3
ARM,Armenia,1995-01-01,155.0
AUS,Australia,1995-01-01,3.6
AUT,Austria,1995-01-01,0.3
BEL,Belgium,1995-01-01,3.3
BGR,Bulgaria,1995-01-01,55.7
BLR,Belarus,1995-01-01,498.3
BRA,Brazil,1995-01-01,58.8
CAN,Canada,1995-01-01,7.4
CHE,Switzerland,1995-01-01,-0.1
COL,Colombia,1995-01-01,18.1
CRI,Costa Rica,1995-01-01,23.9
CZE,Czech Republic,1995-01-01,6.2
DEU,Germany,1995-01-01,1.7
DNK,Denmark,1995-01-01,2.9
ESP,Spain,1995-01-01,6.4
EST,Estonia,1995-01-01,25.6
FIN,Finland,1995-01-01,1.2
GBR,United Kingdom,1995-01-01,4.0
GRC,Greece,1995-01-01,31.4
HKG,"Hong Kong SAR, China",1995-01-01,2.9
HRV,Croatia,1995-01-01,0.8
HUN,Hungary,1995-01-01,28.5
IND,India,1995-01-01,10.2
IRL,Ireland,1995-01-01,2.6
IRN,"Iran, Islamic Rep.",1995-01-01,47.1
ISR,Israel,1995-01-01,10.7
ITA,Italy,1995-01-01,7.9
JPN,Japan,1995-01-01,-0.8
KAZ,Kazakhstan,1995-01-01,139.7
KGZ,Kyrgyz Republic,1995-01-01,21.8
KOR,"Korea, Rep.",1995-01-01,4.7
LTU,Lithuania,1995-01-01,28.3
LUX,Luxembourg,1995-01-01,3.9
LVA,Latvia,1995-01-01,11.9
MEX,Mexico,1995-01-01,38.6
MKD,North Macedonia,1995-01-01,4.7
MYS,Malaysia,1995-01-01,4.6
NLD,Netherlands,1995-01-01,2.7
NOR,Norway,1995-01-01,2.6
NZL,New Zealand,1995-01-01,0.8
PER,Peru,1995-01-01,10.5
PHL,Philippines,1995-01-01,4.2
POL,Poland,1995-01-01,25.5
ROU,Romania,1995-01-01,35.1
RUS,Russian Federation,1995-01-01,236.5
SGP,Singapore,1995-01-01,0.8
SVK,Slovakia,1995-01-01,9.0
SVN,Slovenia,1995-01-01,12.7
SWE,Sweden,1995-01-01,7.7
THA,Thailand,1995-01-01,6.1
TTO,Trinidad and Tobago,1995-01-01,3.5
TUR,Turkey,1995-01-01,86.0
TWN,"Taiwan, China",1995-01-01,7.4
UKR,Ukraine,1995-01-01,488.1
URY,Uruguay,1995-01-01,37.7
USA,United States,1995-01-01,3.6
ZAF,South Africa,1995-01-01,10.5
ARG,Argentina,1996-01-01,2.9
ARM,Armenia,1996-01-01,29.6
AUS,Australia,1996-01-01,0.8
AUT,Austria,1996-01-01,0.2
BEL,Belgium,1996-01-01,2.2
BGR,Bulgaria,1996-01-01,132.7
BLR,Belarus,1996-01-01,34.7
BRA,Brazil,1996-01-01,6.3
CAN,Canada,1996-01-01,0.4
CHE,Switzerland,1996-01-01,-1.8
COL,Colombia,1996-01-01,15.0
CRI,Costa Rica,1996-01-01,16.0
CZE,Czech Republic,1996-01-01,4.8
DEU,Germany,1996-01-01,-1.2
DNK,Denmark,1996-01-01,1.1
ESP,Spain,1996-01-01,1.7
EST,Estonia,1996-01-01,14.8
FIN,Finland,1996-01-01,-0.9
GBR,United Kingdom,1996-01-01,2.7
GRC,Greece,1996-01-01,5.7
HKG,"Hong Kong SAR, China",1996-01-01,-0.2
HRV,Croatia,1996-01-01,2.0
HUN,Hungary,1996-01-01,21.8
IND,India,1996-01-01,4.5
IRL,Ireland,1996-01-01,0.6
IRN,"Iran, Islamic Rep.",1996-01-01,31.8
ISR,Israel,1996-01-01,8.6
ITA,Italy,1996-01-01,1.9
JPN,Japan,1996-01-01,-1.7
KAZ,Kazakhstan,1996-01-01,23.7
KGZ,Kyrgyz Republic,1996-01-01,23.0
KOR,"Korea, Rep.",1996-01-01,3.2
LTU,Lithuania,1996-01-01,17.3
LUX,Luxembourg,1996-01-01,-3.1
LVA,Latvia,1996-01-01,13.7
MEX,Mexico,1996-01-01,33.9
MKD,North Macedonia,1996-01-01,-0.1
MYS,Malaysia,1996-01-01,2.3
NLD,Netherlands,1996-01-01,1.5
NOR,Norway,1996-01-01,2.2
NZL,New Zealand,1996-01-01,0.6
PER,Peru,1996-01-01,9.4
PHL,Philippines,1996-01-01,4.1
POL,Poland,1996-01-01,12.8
ROU,Romania,1996-01-01,49.9
RUS,Russian Federation,1996-01-01,50.8
SGP,Singapore,1996-01-01,-5.2
SVK,Slovakia,1996-01-01,4.1
SVN,Slovenia,1996-01-01,6.8
SWE,Sweden,1996-01-01,-1.8
THA,Thailand,1996-01-01,1.8
TJK,Tajikistan,1996-01-01,339.9
TTO,Trinidad and Tobago,1996-01-01,2.9
TUR,Turkey,1996-01-01,75.9
TWN,"Taiwan, China",1996-01-01,-1.0
UKR,Ukraine,1996-01-01,51.8
URY,Uruguay,1996-01-01,25.0
USA,United States,1996-01-01,2.3
ZAF,South Africa,1996-01-01,8.5
ARG,Argentina,1997-01-01,-1.2
ARM,Armenia,1997-01-01,21.7
AUS,Australia,1997-01-01,1.2
AUT,Austria,1997-01-01,0.4
BEL,Belgium,1997-01-01,3.7
BGR,Bulgaria,1997-01-01,971.2
BLR,Belarus,1997-01-01,87.5
BRA,Brazil,1997-01-01,8.1
CAN,Canada,1997-01-01,0.7
CHE,Switzerland,1997-01-01,-0.7
CHN,China,1997-01-01,-0.4
COL,Colombia,1997-01-01,15.4
CRI,Costa Rica,1997-01-01,11.6
CZE,Czech Republic,1997-01-01,4.9
DEU,Germany,1997-01-01,1.2
DNK,Denmark,1997-01-01,1.9
ESP,Spain,1997-01-01,1.0
EST,Estonia,1997-01-01,8.8
FIN,Finland,1997-01-01,1.6
GBR,United Kingdom,1997-01-01,1.0
GRC,Greece,1997-01-01,3.4
HKG,"Hong Kong SAR, China",1997-01-01,-0.3
HRV,Croatia,1997-01-01,1.2
HUN,Hungary,1997-01-01,20.3
IND,India,1997-01-01,4.5
IRL,Ireland,1997-01-01,-0.6
IRN,"Iran, Islamic Rep.",1997-01-01,16.9
ISR,Israel,1997-01-01,6.3
ITA,Italy,1997-01-01,1.3
JPN,Japan,1997-01-01,0.7
KAZ,Kazakhstan,1997-01-01,15.5
KGZ,Kyrgyz Republic,1997-01-01,26.3
KOR,"Korea, Rep.",1997-01-01,3.8
LTU,Lithuania,1997-01-01,4.2
LUX,Luxembourg,1997-01-01,1.5
LVA,Latvia,1997-01-01,4.1
MEX,Mexico,1997-01-01,17.5
MKD,North Macedonia,1997-01-01,4.2
MYS,Malaysia,1997-01-01,2.6
NLD,Netherlands,1997-01-01,3.2
NOR,Norway,1997-01-01,1.4
NZL,New Zealand,1997-01-01,0.4
PER,Peru,1997-01-01,7.4
PHL,Philippines,1997-01-01,3.5
POL,Poland,1997-01-01,12.2
PRY,Paraguay,1997-01-01,1.2
ROU,Romania,1997-01-01,144.0
RUS,Russian Federation,1997-01-01,15.0
SGP,Singapore,1997-01-01,-8.1
SVK,Slovakia,1997-01-01,4.5
SVN,Slovenia,1997-01-01,6.1
SWE,Sweden,1997-01-01,1.2
THA,Thailand,1997-01-01,5.1
TJK,Tajikistan,1997-01-01,95.7
TTO,Trinidad and Tobago,1997-01-01,1.9
TUN,Tunisia,1997-01-01,2.4
TUR,Turkey,1997-01-01,81.8
TWN,"Taiwan, China",1997-01-01,-0.5
UKR,Ukraine,1997-01-01,7.7
URY,Uruguay,1997-01-01,16.4
USA,United States,1997-01-01,-0.1
ZAF,South Africa,1997-01-01,8.1
ARG,Argentina,1998-01-01,-3.2
ARM,Armenia,1998-01-01,14.6
AUS,Australia,1998-01-01,-4.0
AUT,Austria,1998-01-01,-0.5
BEL,Belgium,1998-01-01,-1.9
BGR,Bulgaria,1998-01-01,17.0
BLR,Belarus,1998-01-01,72.5
BRA,Brazil,1998-01-01,3.6
CAF,Central African Republic,1998-01-01,0.0
CAN,Canada,1998-01-01,0.4
CHE,Switzerland,1998-01-01,-1.2
CHN,China,1998-01-01,-4.3
COL,Colombia,1998-01-01,17.3
CRI,Costa Rica,1998-01-01,8.8
CZE,Czech Republic,1998-01-01,4.8
DEU,Germany,1998-01-01,-0.4
DNK,Denmark,1998-01-01,-0.5
DZA,Algeria,1998-01-01,3.8
ESP,Spain,1998-01-01,-0.7
EST,Estonia,1998-01-01,4.2
FIN,Finland,1998-01-01,-1.5
FRA,France,1998-01-01,1.0
GBR,United Kingdom,1998-01-01,0.1
GRC,Greece,1998-01-01,2.9
HKG,"Hong Kong SAR, China",1998-01-01,-1.8
HRV,Croatia,1998-01-01,-0.8
HUN,Hungary,1998-01-01,11.4
IND,India,1998-01-01,5.9
IRL,Ireland,1998-01-01,0.9
IRN,"Iran, Islamic Rep.",1998-01-01,17.6
ISR,Israel,1998-01-01,4.2
ITA,Italy,1998-01-01,0.1
JPN,Japan,1998-01-01,-1.5
KAZ,Kazakhstan,1998-01-01,0.8
KGZ,Kyrgyz Republic,1998-01-01,7.9
KOR,"Korea, Rep.",1998-01-01,12.2
LTU,Lithuania,1998-01-01,-7.4
LUX,Luxembourg,1998-01-01,2.4
LVA,Latvia,1998-01-01,1.9
MEX,Mexico,1998-01-01,16.0
MKD,North Macedonia,1998-01-01,4.2
MLT,Malta,1998-01-01,1.5
MYS,Malaysia,1998-01-01,10.8
NLD,Netherlands,1998-01-01,-2.6
NOR,Norway,1998-01-01,0.6
NZL,New Zealand,1998-01-01,0.6
PER,Peru,1998-01-01,7.3
PHL,Philippines,1998-01-01,8.6
POL,Poland,1998-01-01,7.2
PRY,Paraguay,1998-01-01,14.9
ROU,Romania,1998-01-01,33.2
RUS,Russian Federation,1998-01-01,7.0
SGP,Singapore,1998-01-01,-4.2
SVK,Slovakia,1998-01-01,3.3
SVN,Slovenia,1998-01-01,6.0
SWE,Sweden,1998-01-01,-0.6
THA,Thailand,1998-01-01,12.2
TJK,Tajikistan,1998-01-01,27.1
TTO,Trinidad and Tobago,1998-01-01,1.4
TUN,Tunisia,1998-01-01,3.2
TUR,Turkey,1998-01-01,71.8
TWN,"Taiwan, China",1998-01-01,0.6
UKR,Ukraine,1998-01-01,13.2
URY,Uruguay,1998-01-01,9.3
USA,United States,1998-01-01,-2.5
ZAF,South Africa,1998-01-01,4.4
ARG,Argentina,1999-01-01,-4.0
ARM,Armenia,1999-01-01,5.9
AUS,Australia,1999-01-01,-0.9
AUT,Austria,1999-01-01,-0.8
BEL,Belgium,1999-01-01,0.0
BGR,Bulgaria,1999-01-01,2.8
BLR,Belarus,1999-01-01,355.8
BRA,Brazil,1999-01-01,16.6
CAF,Central African Republic,1999-01-01,1.2
CAN,Canada,1999-01-01,1.8
CHE,Switzerland,1999-01-01,-1.0
CHN,China,1999-01-01,-2.9
COL,Colombia,1999-01-01,9.8
CRI,Costa Rica,1999-01-01,10.1
CZE,Czech Republic,1999-01-01,1.0
DEU,Germany,1999-01-01,-1.0
DNK,Denmark,1999-01-01,0.5
DZA,Algeria,1999-01-01,3.5
ECU,Ecuador,1999-01-01,67.0
ESP,Spain,1999-01-01,0.7
EST,Estonia,1999-01-01,-1.2
FIN,Finland,1999-01-01,-0.2
GBR,United Kingdom,1999-01-01,0.5
GEO,Georgia,1999-01-01,15.7
GRC,Greece,1999-01-01,2.4
HKG,"Hong Kong SAR, China",1999-01-01,-1.5
HRV,Croatia,1999-01-01,2.6
HUN,Hungary,1999-01-01,5.0
IND,India,1999-01-01,3.5
IRL,Ireland,1999-01-01,0.9
IRN,"Iran, Islamic Rep.",1999-01-01,21.9
ISR,Israel,1999-01-01,7.1
ITA,Italy,1999-01-01,-0.3
JPN,Japan,1999-01-01,-1.5
KAZ,Kazakhstan,1999-01-01,18.9
KGZ,Kyrgyz Republic,1999-01-01,53.7
KOR,"Korea, Rep.",1999-01-01,-2.1
LTU,Lithuania,1999-01-01,-11.2
LUX,Luxembourg,1999-01-01,-3.1
LVA,Latvia,1999-01-01,-4.0
MEX,Mexico,1999-01-01,14.2
MKD,North Macedonia,1999-01-01,1.0
MLT,Malta,1999-01-01,2.7
MYS,Malaysia,1999-01-01,-3.3
NLD,Netherlands,1999-01-01,0.4
NOR,Norway,1999-01-01,3.1
NZL,New Zealand,1999-01-01,1.0
PER,Peru,1999-01-01,4.9
PHL,Philippines,1999-01-01,7.0
POL,Poland,1999-01-01,5.5
PRY,Paraguay,1999-01-01,5.3
ROU,Romania,1999-01-01,41.2
RUS,Russian Federation,1999-01-01,58.9
SGP,Singapore,1999-01-01,-0.5
SVK,Slovakia,1999-01-01,3.8
SVN,Slovenia,1999-01-01,2.1
SWE,Sweden,1999-01-01,1.1
THA,Thailand,1999-01-01,-4.7
TJK,Tajikistan,1999-01-01,45.6
TTO,Trinidad and Tobago,1999-01-01,1.8
TUN,Tunisia,1999-01-01,0.4
TUR,Turkey,1999-01-01,53.1
TWN,"Taiwan, China",1999-01-01,-4.5
UKR,Ukraine,1999-01-01,31.1
URY,Uruguay,1999-01-01,-0.9
USA,United States,1999-01-01,0.8
ZAF,South Africa,1999-01-01,4.9
ARG,Argentina,2000-01-01,3.7
ARM,Armenia,2000-01-01,-0.4
AUS,Australia,2000-01-01,7.1
AUT,Austria,2000-01-01,3.0
BEL,Belgium,2000-01-01,10.6
BGR,Bulgaria,2000-01-01,17.5
BLR,Belarus,2000-01-01,181.1
BRA,Brazil,2000-01-01,18.1
CAF,Central African Republic,2000-01-01,6.4
CAN,Canada,2000-01-01,4.3
CHE,Switzerland,2000-01-01,0.9
CHN,China,2000-01-01,2.7
COL,Colombia,2000-01-01,13.2
CRI,Costa Rica,2000-01-01,11.6
CZE,Czech Republic,2000-01-01,4.9
DEU,Germany,2000-01-01,4.3
DNK,Denmark,2000-01-01,6.3
DZA,Algeria,2000-01-01,2.0
ECU,Ecuador,2000-01-01,119.1
ESP,Spain,2000-01-01,5.4
EST,Estonia,2000-01-01,5.3
FIN,Finland,2000-01-01,7.2
FRA,France,2000-01-01,5.1
GBR,United Kingdom,2000-01-01,0.4
GEO,Georgia,2000-01-01,5.8
GRC,Greece,2000-01-01,5.3
HKG,"Hong Kong SAR, China",2000-01-01,0.2
HRV,Croatia,2000-01-01,8.2
HUN,Hungary,2000-01-01,11.5
IND,India,2000-01-01,6.2
IRL,Ireland,2000-01-01,6.2
IRN,"Iran, Islamic Rep.",2000-01-01,18.7
ISR,Israel,2000-01-01,3.6
ITA,Italy,2000-01-01,5.1
JPN,Japan,2000-01-01,0.0
KAZ,Kazakhstan,2000-01-01,38.0
KGZ,Kyrgyz Republic,2000-01-01,29.1
KOR,"Korea, Rep.",2000-01-01,2.1
LTU,Lithuania,2000-01-01,19.4
LUX,Luxembourg,2000-01-01,4.9
LVA,Latvia,2000-01-01,0.5
MEX,Mexico,2000-01-01,7.8
MKD,North Macedonia,2000-01-01,10.8
MYS,Malaysia,2000-01-01,3.7
NLD,Netherlands,2000-01-01,12.3
NOR,Norway,2000-01-01,6.9
NZL,New Zealand,2000-01-01,7.7
PER,Peru,2000-01-01,4.3
PHL,Philippines,2000-01-01,12.5
POL,Poland,2000-01-01,7.7
PRY,Paraguay,2000-01-01,14.7
ROU,Romania,2000-01-01,49.9
RUS,Russian Federation,2000-01-01,46.5
SGP,Singapore,2000-01-01,6.6
SLV,El Salvador,2000-01-01,6.9
SVK,Slovakia,2000-01-01,9.8
SVN,Slovenia,2000-01-01,8.0
SWE,Sweden,2000-01-01,4.9
THA,Thailand,2000-01-01,3.9
TJK,Tajikistan,2000-01-01,39.1
TUN,Tunisia,2000-01-01,2.6
TUR,Turkey,2000-01-01,51.4
TWN,"Taiwan, China",2000-01-01,1.8
UKR,Ukraine,2000-01-01,20.9
URY,Uruguay,2000-01-01,6.8
USA,United States,2000-01-01,5.8
ZAF,South Africa,2000-01-01,6.7
ARG,Argentina,2001-01-01,-2.0
ARM,Armenia,2001-01-01,1.1
AUS,Australia,2001-01-01,3.1
AUT,Austria,2001-01-01,0.2
BEL,Belgium,2001-01-01,2.2
BGR,Bulgaria,2001-01-01,3.7
BLR,Belarus,2001-01-01,5.7
BRA,Brazil,2001-01-01,12.6
CAF,Central African Republic,2001-01-01,8.9
CAN,Canada,2001-01-01,1.0
CHE,Switzerland,2001-01-01,0.5
CHN,China,2001-01-01,-1.3
COL,Colombia,2001-01-01,9.4
CRI,Costa Rica,2001-01-01,8.9
CYP,Cyprus,2001-01-01,2.2
CZE,Czech Republic,2001-01-01,2.8
DEU,Germany,2001-01-01,5.7
DNK,Denmark,2001-01-01,3.9
DZA,Algeria,2001-01-01,4.2
ECU,Ecuador,2001-01-01,17.3
ESP,Spain,2001-01-01,1.7
EST,Estonia,2001-01-01,3.5
FIN,Finland,2001-01-01,-0.4
FRA,France,2001-01-01,2.2
GBR,United Kingdom,2001-01-01,0.1
GEO,Georgia,2001-01-01,3.1
GRC,Greece,2001-01-01,1.3
HKG,"Hong Kong SAR, China",2001-01-01,-1.5
HRV,Croatia,2001-01-01,-0.4
HUN,Hungary,2001-01-01,6.0
IND,India,2001-01-01,5.2
IRL,Ireland,2001-01-01,1.7
IRN,"Iran, Islamic Rep.",2001-01-01,11.7
ISR,Israel,2001-01-01,-0.1
ITA,Italy,2001-01-01,1.7
JPN,Japan,2001-01-01,-2.3
KAZ,Kazakhstan,2001-01-01,0.3
KGZ,Kyrgyz Republic,2001-01-01,9.1
KOR,"Korea, Rep.",2001-01-01,-7.8
LTU,Lithuania,2001-01-01,-2.9
LUX,Luxembourg,2001-01-01,1.1
LVA,Latvia,2001-01-01,1.1
MEX,Mexico,2001-01-01,5.0
MKD,North Macedonia,2001-01-01,2.6
MLT,Malta,2001-01-01,1.0
MYS,Malaysia,2001-01-01,0.5
NLD,Netherlands,2001-01-01,0.8
NOR,Norway,2001-01-01,-2.9
NZL,New Zealand,2001-01-01,6.0
PER,Peru,2001-01-01,1.4
PHL,Philippines,2001-01-01,14.1
POL,Poland,2001-01-01,1.7
PRT,Portugal,2001-01-01,3.0
PRY,Paraguay,2001-01-01,5.8
ROU,Romania,2001-01-01,38.1
RUS,Russian Federation,2001-01-01,18.1
SGP,Singapore,2001-01-01,-1.0
SLV,El Salvador,2001-01-01,1.0
SRB,Serbia,2001-01-01,87.3
SVK,Slovakia,2001-01-01,6.0
SVN,Slovenia,2001-01-01,7.1
SWE,Sweden,2001-01-01,2.0
THA,Thailand,2001-01-01,2.5
TJK,Tajikistan,2001-01-01,26.0
TUN,Tunisia,2001-01-01,3.2
TUR,Turkey,2001-01-01,61.6
TWN,"Taiwan, China",2001-01-01,-1.3
UKR,Ukraine,2001-01-01,8.6
URY,Uruguay,2001-01-01,6.6
USA,United States,2001-01-01,1.1
ZAF,South Africa,2001-01-01,2.9
ARG,Argentina,2002-01-01,78.3
ARM,Armenia,2002-01-01,3.6
AUS,Australia,2002-01-01,0.2
AUT,Austria,2002-01-01,-1.1
BEL,Belgium,2002-01-01,0.2
BGR,Bulgaria,2002-01-01,1.3
BLR,Belarus,2002-01-01,-1.8
BRA,Brazil,2002-01-01,16.7
CAF,Central African Republic,2002-01-01,8.6
CAN,Canada,2002-01-01,0.1
CHE,Switzerland,2002-01-01,-0.5
CHN,China,2002-01-01,-2.3
COL,Colombia,2002-01-01,5.3
CRI,Costa Rica,2002-01-01,7.7
CYP,Cyprus,2002-01-01,2.2
CZE,Czech Republic,2002-01-01,-0.5
DEU,Germany,2002-01-01,-1.8
DNK,Denmark,2002-01-01,1.9
DZA,Algeria,2002-01-01,3.0
ECU,Ecuador,2002-01-01,4.8
ESP,Spain,2002-01-01,0.3
EST,Estonia,2002-01-01,-0.2
FIN,Finland,2002-01-01,-1.2
FRA,France,2002-01-01,0.5
GBR,United Kingdom,2002-01-01,-0.4
GEO,Georgia,2002-01-01,6.3
GRC,Greece,2002-01-01,0.2
HKG,"Hong Kong SAR, China",2002-01-01,-2.7
HRV,Croatia,2002-01-01,-0.4
HUN,Hungary,2002-01-01,-0.2
IND,India,2002-01-01,2.4
IRL,Ireland,2002-01-01,-1.1
IRN,"Iran, Islamic Rep.",2002-01-01,11.9
ISR,Israel,2002-01-01,3.9
ITA,Italy,2002-01-01,0.1
JPN,Japan,2002-01-01,-2.1
KAZ,Kazakhstan,2002-01-01,0.2
KGZ,Kyrgyz Republic,2002-01-01,5.3
KOR,"Korea, Rep.",2002-01-01,0.2
LTU,Lithuania,2002-01-01,-2.7
LUX,Luxembourg,2002-01-01,-1.0
LVA,Latvia,2002-01-01,0.4
MEX,Mexico,2002-01-01,5.1
MKD,North Macedonia,2002-01-01,-0.8
MLT,Malta,2002-01-01,-2.3
MNE,Montenegro,2002-01-01,7.4
MYS,Malaysia,2002-01-01,-0.8
NLD,Netherlands,2002-01-01,-1.3
NOR,Norway,2002-01-01,-3.3
NZL,New Zealand,2002-01-01,0.1
PER,Peru,2002-01-01,-1.0
PHL,Philippines,2002-01-01,2.0
POL,Poland,2002-01-01,1.2
PRT,Portugal,2002-01-01,0.5
PRY,Paraguay,2002-01-01,19.9
ROU,Romania,2002-01-01,23.1
RUS,Russian Federation,2002-01-01,10.4
SGP,Singapore,2002-01-01,-6.9
SLV,El Salvador,2002-01-01,-2.0
SRB,Serbia,2002-01-01,10.7
SVK,Slovakia,2002-01-01,2.1
SVN,Slovenia,2002-01-01,3.6
SWE,Sweden,2002-01-01,-0.1
THA,Thailand,2002-01-01,1.7
TJK,Tajikistan,2002-01-01,9.3
TTO,Trinidad and Tobago,2002-01-01,0.6
TUN,Tunisia,2002-01-01,3.1
TUR,Turkey,2002-01-01,50.1
TWN,"Taiwan, China",2002-01-01,0.0
UKR,Ukraine,2002-01-01,3.1
URY,Uruguay,2002-01-01,31.9
USA,United States,2002-01-01,-2.3
ZAF,South Africa,2002-01-01,0.2
ARG,Argentina,2003-01-01,19.6
ARM,Armenia,2003-01-01,8.9
AUS,Australia,2003-01-01,-1.2
AUT,Austria,2003-01-01,-0.1
BEL,Belgium,2003-01-01,-1.2
BGR,Bulgaria,2003-01-01,4.9
BLR,Belarus,2003-01-01,3.0
BRA,Brazil,2003-01-01,27.6
CAF,Central African Republic,2003-01-01,3.8
CAN,Canada,2003-01-01,-1.2
CHE,Switzerland,2003-01-01,-0.7
CHN,China,2003-01-01,2.3
COL,Colombia,2003-01-01,9.1
CRI,Costa Rica,2003-01-01,11.7
CYP,Cyprus,2003-01-01,3.2
CZE,Czech Republic,2003-01-01,-0.3
DEU,Germany,2003-01-01,3.0
DNK,Denmark,2003-01-01,-0.4
DZA,Algeria,2003-01-01,3.8
ECU,Ecuador,2003-01-01,2.9
ESP,Spain,2003-01-01,0.7
EST,Estonia,2003-01-01,0.2
FIN,Finland,2003-01-01,-0.1
FRA,France,2003-01-01,0.6
GBR,United Kingdom,2003-01-01,0.2
GEO,Georgia,2003-01-01,3.3
GRC,Greece,2003-01-01,-1.2
HKG,"Hong Kong SAR, China",2003-01-01,-0.3
HRV,Croatia,2003-01-01,1.3
HUN,Hungary,2003-01-01,1.8
IND,India,2003-01-01,5.3
IRL,Ireland,2003-01-01,-8.1
IRN,"Iran, Islamic Rep.",2003-01-01,16.0
ISR,Israel,2003-01-01,4.3
ITA,Italy,2003-01-01,0.9
JOR,Jordan,2003-01-01,2.6
JPN,Japan,2003-01-01,-0.8
KAZ,Kazakhstan,2003-01-01,9.3
KGZ,Kyrgyz Republic,2003-01-01,5.6
KOR,"Korea, Rep.",2003-01-01,-1.2
LTU,Lithuania,2003-01-01,-0.6
LUX,Luxembourg,2003-01-01,0.9
LVA,Latvia,2003-01-01,3.4
MEX,Mexico,2003-01-01,8.3
MKD,North Macedonia,2003-01-01,0.0
MLT,Malta,2003-01-01,-5.3
MNE,Montenegro,2003-01-01,4.7
MYS,Malaysia,2003-01-01,4.6
NLD,Netherlands,2003-01-01,0.7
NOR,Norway,2003-01-01,3.6
NZL,New Zealand,2003-01-01,-0.8
PAK,Pakistan,2003-01-01,6.5
PER,Peru,2003-01-01,1.7
PHL,Philippines,2003-01-01,8.6
POL,Poland,2003-01-01,2.7
PRT,Portugal,2003-01-01,1.0
PRY,Paraguay,2003-01-01,26.5
ROU,Romania,2003-01-01,19.5
RUS,Russian Federation,2003-01-01,16.4
SGP,Singapore,2003-01-01,-0.8
SLV,El Salvador,2003-01-01,3.0
SRB,Serbia,2003-01-01,5.9
SVK,Slovakia,2003-01-01,6.3
SVN,Slovenia,2003-01-01,1.2
SWE,Sweden,2003-01-01,0.0
THA,Thailand,2003-01-01,4.0
TJK,Tajikistan,2003-01-01,15.3
TTO,Trinidad and Tobago,2003-01-01,0.8
TUN,Tunisia,2003-01-01,2.4
TUR,Turkey,2003-01-01,22.7
TWN,"Taiwan, China",2003-01-01,2.5
UKR,Ukraine,2003-01-01,7.7
URY,Uruguay,2003-01-01,38.9
USA,United States,2003-01-01,5.3
ZAF,South Africa,2003-01-01,-1.2
ARG,Argentina,2004-01-01,7.7
ARM,Armenia,2004-01-01,21.0
AUS,Australia,2004-01-01,7.7
AUT,Austria,2004-01-01,1.7
BEL,Belgium,2004-01-01,7.7
BGR,Bulgaria,2004-01-01,6.0
BLR,Belarus,2004-01-01,1.2
BRA,Brazil,2004-01-01,10.5
CAF,Central African Republic,2004-01-01,-0.5
CAN,Canada,2004-01-01,3.2
CHE,Switzerland,2004-01-01,0.7
CHN,China,2004-01-01,6.1
COL,Colombia,2004-01-01,5.2
CRI,Costa Rica,2004-01-01,16.7
CYP,Cyprus,2004-01-01,4.0
CZE,Czech Republic,2004-01-01,5.7
DEU,Germany,2004-01-01,1.2
DNK,Denmark,2004-01-01,2.4
DZA,Algeria,2004-01-01,4.4
ECU,Ecuador,2004-01-01,5.4
ESP,Spain,2004-01-01,3.2
EST,Estonia,2004-01-01,2.9
FIN,Finland,2004-01-01,1.6
FRA,France,2004-01-01,1.9
GBR,United Kingdom,2004-01-01,2.6
GEO,Georgia,2004-01-01,4.6
GRC,Greece,2004-01-01,7.7
HKG,"Hong Kong SAR, China",2004-01-01,2.2
HRV,Croatia,2004-01-01,3.4
HUN,Hungary,2004-01-01,4.0
IND,India,2004-01-01,6.2
IRL,Ireland,2004-01-01,-2.4
IRN,"Iran, Islamic Rep.",2004-01-01,16.4
ISR,Israel,2004-01-01,5.4
ITA,Italy,2004-01-01,2.3
JOR,Jordan,2004-01-01,6.0
JPN,Japan,2004-01-01,1.3
KAZ,Kazakhstan,2004-01-01,16.7
KGZ,Kyrgyz Republic,2004-01-01,8.8
KOR,"Korea, Rep.",2004-01-01,7.7
LTU,Lithuania,2004-01-01,5.9
LUX,Luxembourg,2004-01-01,10.2
LVA,Latvia,2004-01-01,8.1
MEX,Mexico,2004-01-01,8.0
MKD,North Macedonia,2004-01-01,0.9
MLT,Malta,2004-01-01,-3.3
MNE,Montenegro,2004-01-01,6.3
MYS,Malaysia,2004-01-01,7.0
NLD,Netherlands,2004-01-01,3.8
NOR,Norway,2004-01-01,11.7
NZL,New Zealand,2004-01-01,1.9
PAK,Pakistan,2004-01-01,8.4
PER,Peru,2004-01-01,5.2
PHL,Philippines,2004-01-01,12.0
POL,Poland,2004-01-01,7.1
PRT,Portugal,2004-01-01,2.6
PRY,Paraguay,2004-01-01,5.8
ROU,Romania,2004-01-01,19.1
RUS,Russian Federation,2004-01-01,23.4
SGP,Singapore,2004-01-01,4.6
SLV,El Salvador,2004-01-01,6.6
SRB,Serbia,2004-01-01,9.5
SVK,Slovakia,2004-01-01,1.8
SVN,Slovenia,2004-01-01,2.6
SWE,Sweden,2004-01-01,0.7
THA,Thailand,2004-01-01,6.7
TJK,Tajikistan,2004-01-01,16.4
TTO,Trinidad and Tobago,2004-01-01,3.5
TUN,Tunisia,2004-01-01,2.8
TUR,Turkey,2004-01-01,14.6
TWN,"Taiwan, China",2004-01-01,7.0
UKR,Ukraine,2004-01-01,20.3
URY,Uruguay,2004-01-01,14.7
USA,United States,2004-01-01,6.2
ZAF,South Africa,2004-01-01,7.7
ARG,Argentina,2005-01-01,8.5
ARM,Armenia,2005-01-01,7.6
AUS,Australia,2005-01-01,6.0
AUT,Austria,2005-01-01,3.1
BEL,Belgium,2005-01-01,6.0
BGR,Bulgaria,2005-01-01,8.1
BLR,Belarus,2005-01-01,3.2
BRA,Brazil,2005-01-01,5.6
CAF,Central African Republic,2005-01-01,2.2
CAN,Canada,2005-01-01,1.6
CHE,Switzerland,2005-01-01,1.1
CHL,Chile,2005-01-01,11.0
CHN,China,2005-01-01,5.3
COL,Colombia,2005-01-01,3.1
CRI,Costa Rica,2005-01-01,15.3
CYP,Cyprus,2005-01-01,5.2
CZE,Czech Republic,2005-01-01,3.0
DEU,Germany,2005-01-01,3.2
DNK,Denmark,2005-01-01,7.9
DZA,Algeria,2005-01-01,3.5
ECU,Ecuador,2005-01-01,4.2
ESP,Spain,2005-01-01,4.5
EST,Estonia,2005-01-01,2.1
FIN,Finland,2005-01-01,3.8
FRA,France,2005-01-01,3.0
GBR,United Kingdom,2005-01-01,7.9
GEO,Georgia,2005-01-01,7.5
GRC,Greece,2005-01-01,6.0
HKG,"Hong Kong SAR, China",2005-01-01,0.8
HRV,Croatia,2005-01-01,4.3
HUN,Hungary,2005-01-01,4.2
IND,India,2005-01-01,4.6
IRL,Ireland,2005-01-01,-0.5
IRN,"Iran, Islamic Rep.",2005-01-01,11.2
ISR,Israel,2005-01-01,6.2
ITA,Italy,2005-01-01,3.5
JOR,Jordan,2005-01-01,9.5
JPN,Japan,2005-01-01,1.7
KAZ,Kazakhstan,2005-01-01,23.7
KGZ,Kyrgyz Republic,2005-01-01,3.1
KOR,"Korea, Rep.",2005-01-01,6.0
LTU,Lithuania,2005-01-01,11.6
LUX,Luxembourg,2005-01-01,6.2
LVA,Latvia,2005-01-01,7.9
MAR,Morocco,2005-01-01,9.1
MEX,Mexico,2005-01-01,4.7
MKD,North Macedonia,2005-01-01,3.2
MLT,Malta,2005-01-01,-0.6
MNE,Montenegro,2005-01-01,2.0
MYS,Malaysia,2005-01-01,6.9
NLD,Netherlands,2005-01-01,6.4
NOR,Norway,2005-01-01,16.5
NZL,New Zealand,2005-01-01,4.7
PAK,Pakistan,2005-01-01,8.7
PER,Peru,2005-01-01,2.3
PHL,Philippines,2005-01-01,9.0
POL,Poland,2005-01-01,0.7
PRT,Portugal,2005-01-01,5.1
PRY,Paraguay,2005-01-01,9.0
ROU,Romania,2005-01-01,7.6
RUS,Russian Federation,2005-01-01,20.6
SGP,Singapore,2005-01-01,5.7
SLV,El Salvador,2005-01-01,9.1
SRB,Serbia,2005-01-01,11.9
SVK,Slovakia,2005-01-01,3.5
SVN,Slovenia,2005-01-01,1.9
SWE,Sweden,2005-01-01,4.0
THA,Thailand,2005-01-01,9.2
TJK,Tajikistan,2005-01-01,7.5
TTO,Trinidad and Tobago,2005-01-01,2.3
TUN,Tunisia,2005-01-01,4.1
TUR,Turkey,2005-01-01,5.9
TWN,"Taiwan, China",2005-01-01,0.6
UKR,Ukraine,2005-01-01,16.7
URY,Uruguay,2005-01-01,-2.6
USA,United States,2005-01-01,7.3
ZAF,South Africa,2005-01-01,6.0
ALB,Albania,2006-01-01,0.8
ARG,Argentina,2006-01-01,10.9
ARM,Armenia,2006-01-01,0.9
AUS,Australia,2006-01-01,6.1
AUT,Austria,2006-01-01,1.7
BEL,Belgium,2006-01-01,6.1
BGR,Bulgaria,2006-01-01,12.9
BLR,Belarus,2006-01-01,4.0
BRA,Brazil,2006-01-01,0.8
CAN,Canada,2006-01-01,2.3
CHE,Switzerland,2006-01-01,2.0
CHL,Chile,2006-01-01,17.3
CHN,China,2006-01-01,3.6
COL,Colombia,2006-01-01,4.2
CRI,Costa Rica,2006-01-01,13.9
CYP,Cyprus,2006-01-01,5.1
CZE,Czech Republic,2006-01-01,1.6
DEU,Germany,2006-01-01,4.0
DNK,Denmark,2006-01-01,7.5
DZA,Algeria,2006-01-01,2.4
ECU,Ecuador,2006-01-01,3.1
ESP,Spain,2006-01-01,5.1
EST,Estonia,2006-01-01,4.4
FIN,Finland,2006-01-01,5.7
FRA,France,2006-01-01,3.2
GBR,United Kingdom,2006-01-01,6.4
GEO,Georgia,2006-01-01,10.8
GRC,Greece,2006-01-01,6.1
HKG,"Hong Kong SAR, China",2006-01-01,2.3
HRV,Croatia,2006-01-01,1.5
HUN,Hungary,2006-01-01,7.4
IND,India,2006-01-01,6.0
IRL,Ireland,2006-01-01,0.8
IRN,"Iran, Islamic Rep.",2006-01-01,9.5
ISR,Israel,2006-01-01,5.7
ITA,Italy,2006-01-01,4.5
JAM,Jamaica,2006-01-01,13.8
JOR,Jordan,2006-01-01,15.8
JPN,Japan,2006-01-01,2.2
KAZ,Kazakhstan,2006-01-01,18.4
KGZ,Kyrgyz Republic,2006-01-01,15.9
KOR,"Korea, Rep.",2006-01-01,6.1
LTU,Lithuania,2006-01-01,7.4
LUX,Luxembourg,2006-01-01,6.3
LVA,Latvia,2006-01-01,10.2
MAR,Morocco,2006-01-01,5.9
MEX,Mexico,2006-01-01,5.6
MKD,North Macedonia,2006-01-01,6.8
MLT,Malta,2006-01-01,5.8
MNE,Montenegro,2006-01-01,3.7
MYS,Malaysia,2006-01-01,5.3
NLD,Netherlands,2006-01-01,5.2
NOR,Norway,2006-01-01,12.8
NZL,New Zealand,2006-01-01,6.2
PAK,Pakistan,2006-01-01,8.5
PER,Peru,2006-01-01,3.2
PHL,Philippines,2006-01-01,11.2
POL,Poland,2006-01-01,2.2
PRT,Portugal,2006-01-01,4.9
PRY,Paraguay,2006-01-01,7.1
ROU,Romania,2006-01-01,6.7
RUS,Russian Federation,2006-01-01,12.4
SGP,Singapore,2006-01-01,2.4
SLV,El Salvador,2006-01-01,4.7
SRB,Serbia,2006-01-01,12.2
SVK,Slovakia,2006-01-01,3.3
SVN,Slovenia,2006-01-01,2.3
SWE,Sweden,2006-01-01,5.1
THA,Thailand,2006-01-01,7.1
TJK,Tajikistan,2006-01-01,42.7
TTO,Trinidad and Tobago,2006-01-01,4.6
TUN,Tunisia,2006-01-01,7.3
TUR,Turkey,2006-01-01,8.3
TWN,"Taiwan, China",2006-01-01,5.6
UKR,Ukraine,2006-01-01,9.5
URY,Uruguay,2006-01-01,5.9
USA,United States,2006-01-01,4.7
ZAF,South Africa,2006-01-01,6.1
ALB,Albania,2007-01-01,3.5
ARG,Argentina,2007-01-01,11.8
ARM,Armenia,2007-01-01,0.6
AUS,Australia,2007-01-01,2.3
AUT,Austria,2007-01-01,2.8
AZE,Azerbaijan,2007-01-01,17.7
BEL,Belgium,2007-01-01,2.3
BGR,Bulgaria,2007-01-01,7.6
BLR,Belarus,2007-01-01,1.2
BRA,Brazil,2007-01-01,5.6
CAN,Canada,2007-01-01,1.5
CHE,Switzerland,2007-01-01,2.3
CHL,Chile,2007-01-01,6.7
CHN,China,2007-01-01,3.3
COL,Colombia,2007-01-01,1.0
CRI,Costa Rica,2007-01-01,13.9
CYP,Cyprus,2007-01-01,3.3
CZE,Czech Republic,2007-01-01,4.2
DEU,Germany,2007-01-01,1.2
DNK,Denmark,2007-01-01,1.9
DZA,Algeria,2007-01-01,3.1
ECU,Ecuador,2007-01-01,7.8
EGY,"Egypt, Arab Rep.",2007-01-01,8.9
ESP,Spain,2007-01-01,3.2
EST,Estonia,2007-01-01,8.3
FIN,Finland,2007-01-01,4.0
FRA,France,2007-01-01,2.1
GBR,United Kingdom,2007-01-01,1.6
GEO,Georgia,2007-01-01,11.6
GRC,Greece,2007-01-01,2.3
HKG,"Hong Kong SAR, China",2007-01-01,3.0
HRV,Croatia,2007-01-01,3.7
HUN,Hungary,2007-01-01,0.8
IND,India,2007-01-01,4.9
IRL,Ireland,2007-01-01,-2.0
IRN,"Iran, Islamic Rep.",2007-01-01,14.7
ISL,Iceland,2007-01-01,1.8
ISR,Israel,2007-01-01,3.5
ITA,Italy,2007-01-01,3.0
JAM,Jamaica,2007-01-01,13.5
JOR,Jordan,2007-01-01,9.1
JPN,Japan,2007-01-01,1.7
KAZ,Kazakhstan,2007-01-01,12.4
KGZ,Kyrgyz Republic,2007-01-01,11.8
KOR,"Korea, Rep.",2007-01-01,2.3
LTU,Lithuania,2007-01-01,6.9
LUX,Luxembourg,2007-01-01,5.9
LVA,Latvia,2007-01-01,16.1
MAR,Morocco,2007-01-01,1.8
MEX,Mexico,2007-01-01,4.4
MKD,North Macedonia,2007-01-01,2.5
MLT,Malta,2007-01-01,-4.8
MNE,Montenegro,2007-01-01,8.7
MYS,Malaysia,2007-01-01,5.5
NIC,Nicaragua,2007-01-01,12.0
NLD,Netherlands,2007-01-01,5.0
NOR,Norway,2007-01-01,0.0
NZL,New Zealand,2007-01-01,2.4
PAK,Pakistan,2007-01-01,8.2
PER,Peru,2007-01-01,2.5
PHL,Philippines,2007-01-01,-0.7
POL,Poland,2007-01-01,2.2
PRT,Portugal,2007-01-01,2.3
PRY,Paraguay,2007-01-01,3.7
ROU,Romania,2007-01-01,6.4
RUS,Russian Federation,2007-01-01,14.1
SGP,Singapore,2007-01-01,-1.6
SLV,El Salvador,2007-01-01,4.7
SRB,Serbia,2007-01-01,6.2
SVK,Slovakia,2007-01-01,-1.2
SVN,Slovenia,2007-01-01,4.2
SWE,Sweden,2007-01-01,3.7
THA,Thailand,2007-01-01,3.2
TJK,Tajikistan,2007-01-01,21.8
TTO,Trinidad and Tobago,2007-01-01,6.9
TUN,Tunisia,2007-01-01,3.2
TUR,Turkey,2007-01-01,6.3
TWN,"Taiwan, China",2007-01-01,6.5
UKR,Ukraine,2007-01-01,19.5
URY,Uruguay,2007-01-01,11.8
USA,United States,2007-01-01,4.8
ZAF,South Africa,2007-01-01,2.3
ALB,Albania,2008-01-01,6.5
ARG,Argentina,2008-01-01,14.5
ARM,Armenia,2008-01-01,3.3
AUS,Australia,2008-01-01,8.1
AUT,Austria,2008-01-01,3.5
AZE,Azerbaijan,2008-01-01,23.4
BEL,Belgium,2008-01-01,8.1
BGR,Bulgaria,2008-01-01,10.3
BLR,Belarus,2008-01-01,4.1
BRA,Brazil,2008-01-01,13.7
CAN,Canada,2008-01-01,4.4
CHE,Switzerland,2008-01-01,3.0
CHL,Chile,2008-01-01,10.5
CHN,China,2008-01-01,7.3
COL,Colombia,2008-01-01,7.2
CRI,Costa Rica,2008-01-01,25.4
CYP,Cyprus,2008-01-01,10.9
CZE,Czech Republic,2008-01-01,4.2
DEU,Germany,2008-01-01,4.1
DNK,Denmark,2008-01-01,12.7
DZA,Algeria,2008-01-01,9.3
ECU,Ecuador,2008-01-01,11.8
EGY,"Egypt, Arab Rep.",2008-01-01,21.1
ESP,Spain,2008-01-01,5.7
EST,Estonia,2008-01-01,7.0
FIN,Finland,2008-01-01,5.6
FRA,France,2008-01-01,4.6
GBR,United Kingdom,2008-01-01,14.7
GEO,Georgia,2008-01-01,9.8
GHA,Ghana,2008-01-01,31.8
GRC,Greece,2008-01-01,8.1
HKG,"Hong Kong SAR, China",2008-01-01,5.6
HRV,Croatia,2008-01-01,6.8
HUN,Hungary,2008-01-01,5.6
IND,India,2008-01-01,8.7
IRL,Ireland,2008-01-01,-1.4
IRN,"Iran, Islamic Rep.",2008-01-01,20.6
ISL,Iceland,2008-01-01,31.0
ISR,Israel,2008-01-01,9.6
ITA,Italy,2008-01-01,5.1
JAM,Jamaica,2008-01-01,23.6
JOR,Jordan,2008-01-01,56.2
JPN,Japan,2008-01-01,4.6
KAZ,Kazakhstan,2008-01-01,36.8
KGZ,Kyrgyz Republic,2008-01-01,25.3
KOR,"Korea, Rep.",2008-01-01,8.1
LTU,Lithuania,2008-01-01,18.2
LUX,Luxembourg,2008-01-01,6.1
LVA,Latvia,2008-01-01,11.7
MAR,Morocco,2008-01-01,18.0
MEX,Mexico,2008-01-01,7.1
MKD,North Macedonia,2008-01-01,10.1
MLT,Malta,2008-01-01,-1.2
MNE,Montenegro,2008-01-01,16.0
MUS,Mauritius,2008-01-01,15.0
MYS,Malaysia,2008-01-01,10.2
NIC,Nicaragua,2008-01-01,21.7
NLD,Netherlands,2008-01-01,7.4
NOR,Norway,2008-01-01,22.8
NZL,New Zealand,2008-01-01,10.7
OMN,Oman,2008-01-01,36.3
PAK,Pakistan,2008-01-01,24.0
PER,Peru,2008-01-01,8.9
PHL,Philippines,2008-01-01,4.1
POL,Poland,2008-01-01,2.2
PRT,Portugal,2008-01-01,4.8
PRY,Paraguay,2008-01-01,13.0
ROU,Romania,2008-01-01,12.7
RUS,Russian Federation,2008-01-01,21.4
SGP,Singapore,2008-01-01,3.4
SLV,El Salvador,2008-01-01,16.6
SRB,Serbia,2008-01-01,13.0
SVK,Slovakia,2008-01-01,2.2
SVN,Slovenia,2008-01-01,3.8
SWE,Sweden,2008-01-01,4.4
THA,Thailand,2008-01-01,12.4
TJK,Tajikistan,2008-01-01,20.8
TTO,Trinidad and Tobago,2008-01-01,9.9
TUN,Tunisia,2008-01-01,11.7
TUR,Turkey,2008-01-01,12.7
TWN,"Taiwan, China",2008-01-01,5.1
UKR,Ukraine,2008-01-01,35.6
URY,Uruguay,2008-01-01,16.9
USA,United States,2008-01-01,9.8
ZAF,South Africa,2008-01-01,8.1
ALB,Albania,2009-01-01,-1.7
ARG,Argentina,2009-01-01,6.3
ARM,Armenia,2009-01-01,7.1
AUS,Australia,2009-01-01,-5.5
AUT,Austria,2009-01-01,-1.6
AZE,Azerbaijan,2009-01-01,-19.4
BEL,Belgium,2009-01-01,-5.5
BGR,Bulgaria,2009-01-01,-6.9
BIH,Bosnia and Herzegovina,2009-01-01,8.6
BLR,Belarus,2009-01-01,-3.3
BRA,Brazil,2009-01-01,-0.2
CAN,Canada,2009-01-01,-3.5
CHE,Switzerland,2009-01-01,-1.5
CHL,Chile,2009-01-01,5.7
CHN,China,2009-01-01,-5.1
COL,Colombia,2009-01-01,1.9
CRI,Costa Rica,2009-01-01,1.7
CYP,Cyprus,2009-01-01,-1.7
CZE,Czech Republic,2009-01-01,-3.1
DEU,Germany,2009-01-01,-3.3
DNK,Denmark,2009-01-01,-10.4
DZA,Algeria,2009-01-01,3.4
ECU,Ecuador,2009-01-01,-0.4
EGY,"Egypt, Arab Rep.",2009-01-01,-5.6
ESP,Spain,2009-01-01,-3.3
EST,Estonia,2009-01-01,-0.6
ETH,Ethiopia,2009-01-01,-3.2
FIN,Finland,2009-01-01,-6.4
FRA,France,2009-01-01,-4.7
GBR,United Kingdom,2009-01-01,-0.6
GEO,Georgia,2009-01-01,-5.5
GHA,Ghana,2009-01-01,15.5
GRC,Greece,2009-01-01,-5.5
HKG,"Hong Kong SAR, China",2009-01-01,-1.7
HRV,Croatia,2009-01-01,-2.3
HUN,Hungary,2009-01-01,4.5
IND,India,2009-01-01,2.4
IRL,Ireland,2009-01-01,0.4
IRN,"Iran, Islamic Rep.",2009-01-01,9.1
ISL,Iceland,2009-01-01,11.3
ISR,Israel,2009-01-01,-6.3
ITA,Italy,2009-01-01,-4.7
JAM,Jamaica,2009-01-01,9.1
JOR,Jordan,2009-01-01,-16.7
JPN,Japan,2009-01-01,-5.3
KAZ,Kazakhstan,2009-01-01,-22.1
KGZ,Kyrgyz Republic,2009-01-01,11.3
KOR,"Korea, Rep.",2009-01-01,-5.5
LTU,Lithuania,2009-01-01,-13.5
LUX,Luxembourg,2009-01-01,-9.9
LVA,Latvia,2009-01-01,-4.2
MAR,Morocco,2009-01-01,-15.1
MEX,Mexico,2009-01-01,4.5
MKD,North Macedonia,2009-01-01,-7.2
MLT,Malta,2009-01-01,-1.2
MNE,Montenegro,2009-01-01,-5.4
MUS,Mauritius,2009-01-01,-3.5
MYS,Malaysia,2009-01-01,-7.3
NIC,Nicaragua,2009-01-01,-2.3
NLD,Netherlands,2009-01-01,-11.6
NOR,Norway,2009-01-01,-0.8
NZL,New Zealand,2009-01-01,-1.5
OMN,Oman,2009-01-01,-30.0
PAK,Pakistan,2009-01-01,9.8
PER,Peru,2009-01-01,-1.8
PHL,Philippines,2009-01-01,-1.4
POL,Poland,2009-01-01,3.4
PRT,Portugal,2009-01-01,-6.3
PRY,Paraguay,2009-01-01,-0.3
ROU,Romania,2009-01-01,2.5
RUS,Russian Federation,2009-01-01,-7.2
SEN,Senegal,2009-01-01,0.1
SGP,Singapore,2009-01-01,-13.4
SLV,El Salvador,2009-01-01,-11.6
SRB,Serbia,2009-01-01,5.6
SVK,Slovakia,2009-01-01,-6.9
SVN,Slovenia,2009-01-01,-1.3
SWE,Sweden,2009-01-01,1.1
THA,Thailand,2009-01-01,-3.8
TJK,Tajikistan,2009-01-01,-3.4
TTO,Trinidad and Tobago,2009-01-01,4.4
TUN,Tunisia,2009-01-01,2.9
TUR,Turkey,2009-01-01,1.2
TWN,"Taiwan, China",2009-01-01,-8.7
UKR,Ukraine,2009-01-01,6.6
URY,Uruguay,2009-01-01,2.1
USA,United States,2009-01-01,-8.8
VEN,"Venezuela, RB",2009-01-01,50.0
ZAF,South Africa,2009-01-01,-5.5
ALB,Albania,2010-01-01,0.3
ARG,Argentina,2010-01-01,15.1
ARM,Armenia,2010-01-01,22.6
AUS,Australia,2010-01-01,7.1
AUT,Austria,2010-01-01,2.7
AZE,Azerbaijan,2010-01-01,36.4
BEL,Belgium,2010-01-01,7.1
BGR,Bulgaria,2010-01-01,8.9
BIH,Bosnia and Herzegovina,2010-01-01,-3.3
BLR,Belarus,2010-01-01,1.8
BRA,Brazil,2010-01-01,5.7
CAN,Canada,2010-01-01,1.5
CHE,Switzerland,2010-01-01,-0.2
CHL,Chile,2010-01-01,23.0
CHN,China,2010-01-01,6.3
COL,Colombia,2010-01-01,-0.9
CRI,Costa Rica,2010-01-01,3.0
CYP,Cyprus,2010-01-01,3.7
CZE,Czech Republic,2010-01-01,1.2
DEU,Germany,2010-01-01,1.8
DNK,Denmark,2010-01-01,7.4
DZA,Algeria,2010-01-01,3.1
ECU,Ecuador,2010-01-01,6.1
EGY,"Egypt, Arab Rep.",2010-01-01,12.7
ESP,Spain,2010-01-01,4.0
EST,Estonia,2010-01-01,3.3
ETH,Ethiopia,2010-01-01,-2.0
FIN,Finland,2010-01-01,4.2
FRA,France,2010-01-01,2.5
GBR,United Kingdom,2010-01-01,4.8
GEO,Georgia,2010-01-01,11.3
GHA,Ghana,2010-01-01,18.6
GMB,"Gambia, The",2010-01-01,9.9
GRC,Greece,2010-01-01,7.1
HKG,"Hong Kong SAR, China",2010-01-01,6.0
HRV,Croatia,2010-01-01,4.2
HUN,Hungary,2010-01-01,3.7
IND,India,2010-01-01,9.6
IRL,Ireland,2010-01-01,-0.3
IRN,"Iran, Islamic Rep.",2010-01-01,10.4
ISL,Iceland,2010-01-01,11.8
ISR,Israel,2010-01-01,4.0
ITA,Italy,2010-01-01,2.9
JAM,Jamaica,2010-01-01,8.6
JOR,Jordan,2010-01-01,-2.4
JPN,Japan,2010-01-01,-0.6
KAZ,Kazakhstan,2010-01-01,25.2
KGZ,Kyrgyz Republic,2010-01-01,23.1
KOR,"Korea, Rep.",2010-01-01,7.1
LTU,Lithuania,2010-01-01,10.3
LUX,Luxembourg,2010-01-01,5.2
LVA,Latvia,2010-01-01,2.8
MAR,Morocco,2010-01-01,6.4
MEX,Mexico,2010-01-01,4.2
MKD,North Macedonia,2010-01-01,11.7
MLT,Malta,2010-01-01,1.3
MNE,Montenegro,2010-01-01,-0.5
MUS,Mauritius,2010-01-01,2.5
MYS,Malaysia,2010-01-01,6.0
NIC,Nicaragua,2010-01-01,14.6
NLD,Netherlands,2010-01-01,9.0
NOR,Norway,2010-01-01,18.4
NZL,New Zealand,2010-01-01,2.7
OMN,Oman,2010-01-01,23.8
PAK,Pakistan,2010-01-01,19.2
PER,Peru,2010-01-01,1.8
PHL,Philippines,2010-01-01,-4.9
POL,Poland,2010-01-01,2.2
PRT,Portugal,2010-01-01,3.0
PRY,Paraguay,2010-01-01,6.5
ROU,Romania,2010-01-01,4.4
RUS,Russian Federation,2010-01-01,12.2
SEN,Senegal,2010-01-01,6.1
SGP,Singapore,2010-01-01,1.7
SLV,El Salvador,2010-01-01,3.0
SRB,Serbia,2010-01-01,12.7
SVK,Slovakia,2010-01-01,0.5
SVN,Slovenia,2010-01-01,2.1
SWE,Sweden,2010-01-01,1.1
THA,Thailand,2010-01-01,9.4
TJK,Tajikistan,2010-01-01,38.5
TTO,Trinidad and Tobago,2010-01-01,2.7
TUN,Tunisia,2010-01-01,2.7
TUR,Turkey,2010-01-01,8.5
TWN,"Taiwan, China",2010-01-01,5.5
UKR,Ukraine,2010-01-01,20.9
URY,Uruguay,2010-01-01,7.6
USA,United States,2010-01-01,4.5
VEN,"Venezuela, RB",2010-01-01,33.3
VNM,Vietnam,2010-01-01,12.6
XKX,Kosovo,2010-01-01,4.1
ZAF,South Africa,2010-01-01,7.1
ALB,Albania,2011-01-01,2.6
ARG,Argentina,2011-01-01,13.8
ARM,Armenia,2011-01-01,9.1
AUS,Australia,2011-01-01,8.9
AUT,Austria,2011-01-01,4.1
AZE,Azerbaijan,2011-01-01,23.9
BEL,Belgium,2011-01-01,8.9
BGR,Bulgaria,2011-01-01,9.6
BIH,Bosnia and Herzegovina,2011-01-01,4.7
BLR,Belarus,2011-01-01,4.1
BRA,Brazil,2011-01-01,9.4
CAN,Canada,2011-01-01,6.9
CHE,Switzerland,2011-01-01,-1.2
CHL,Chile,2011-01-01,12.2
CHN,China,2011-01-01,6.4
COL,Colombia,2011-01-01,8.8
CRI,Costa Rica,2011-01-01,9.5
CYP,Cyprus,2011-01-01,5.0
CZE,Czech Republic,2011-01-01,5.5
DEU,Germany,2011-01-01,4.1
DNK,Denmark,2011-01-01,8.6
DZA,Algeria,2011-01-01,2.1
ECU,Ecuador,2011-01-01,5.5
EGY,"Egypt, Arab Rep.",2011-01-01,14.7
ESP,Spain,2011-01-01,6.5
EST,Estonia,2011-01-01,4.4
FIN,Finland,2011-01-01,5.6
FRA,France,2011-01-01,4.6
GBR,United Kingdom,2011-01-01,9.1
GEO,Georgia,2011-01-01,12.8
GHA,Ghana,2011-01-01,18.5
GMB,"Gambia, The",2011-01-01,6.7
GRC,Greece,2011-01-01,8.9
HKG,"Hong Kong SAR, China",2011-01-01,8.3
HRV,Croatia,2011-01-01,7.1
HUN,Hungary,2011-01-01,4.2
IND,India,2011-01-01,9.4
IRL,Ireland,2011-01-01,0.7
IRN,"Iran, Islamic Rep.",2011-01-01,37.9
ISL,Iceland,2011-01-01,9.2
ISR,Israel,2011-01-01,7.8
ITA,Italy,2011-01-01,4.8
JAM,Jamaica,2011-01-01,13.7
JOR,Jordan,2011-01-01,14.7
JPN,Japan,2011-01-01,1.4
KAZ,Kazakhstan,2011-01-01,27.2
KGZ,Kyrgyz Republic,2011-01-01,21.8
KOR,"Korea, Rep.",2011-01-01,8.9
LTU,Lithuania,2011-01-01,13.9
LUX,Luxembourg,2011-01-01,8.5
LVA,Latvia,2011-01-01,7.6
MAR,Morocco,2011-01-01,12.7
MEX,Mexico,2011-01-01,5.2
MKD,North Macedonia,2011-01-01,11.9
MLT,Malta,2011-01-01,2.2
MNE,Montenegro,2011-01-01,3.6
MUS,Mauritius,2011-01-01,8.9
MYS,Malaysia,2011-01-01,12.3
NIC,Nicaragua,2011-01-01,20.9
NLD,Netherlands,2011-01-01,10.9
NOR,Norway,2011-01-01,16.3
NZL,New Zealand,2011-01-01,4.7
OMN,Oman,2011-01-01,23.3
PAK,Pakistan,2011-01-01,18.8
PER,Peru,2011-01-01,6.3
PHL,Philippines,2011-01-01,0.9
POL,Poland,2011-01-01,7.5
PRT,Portugal,2011-01-01,5.8
PRY,Paraguay,2011-01-01,12.6
ROU,Romania,2011-01-01,7.1
RUS,Russian Federation,2011-01-01,17.5
SEN,Senegal,2011-01-01,7.6
SGP,Singapore,2011-01-01,5.3
SLV,El Salvador,2011-01-01,6.1
SRB,Serbia,2011-01-01,14.8
SVK,Slovakia,2011-01-01,4.6
SVN,Slovenia,2011-01-01,4.5
SWE,Sweden,2011-01-01,0.4
THA,Thailand,2011-01-01,5.4
TJK,Tajikistan,2011-01-01,30.0
TTO,Trinidad and Tobago,2011-01-01,2.8
TUN,Tunisia,2011-01-01,5.8
TUR,Turkey,2011-01-01,11.1
TWN,"Taiwan, China",2011-01-01,4.3
UKR,Ukraine,2011-01-01,19.0
URY,Uruguay,2011-01-01,15.9
USA,United States,2011-01-01,3.9
VNM,Vietnam,2011-01-01,18.4
XKX,Kosovo,2011-01-01,4.5
ZAF,South Africa,2011-01-01,8.9
ARG,Argentina,2012-01-01,12.2
ARM,Armenia,2012-01-01,7.0
AUS,Australia,2012-01-01,3.7
AUT,Austria,2012-01-01,0.9
AZE,Azerbaijan,2012-01-01,12.9
BEL,Belgium,2012-01-01,3.7
BGR,Bulgaria,2012-01-01,4.1
BIH,Bosnia and Herzegovina,2012-01-01,0.4
BLR,Belarus,2012-01-01,1.7
BRA,Brazil,2012-01-01,5.9
CAN,Canada,2012-01-01,1.1
CHE,Switzerland,2012-01-01,-0.5
CHL,Chile,2012-01-01,-6.6
CHN,China,2012-01-01,-1.7
COL,Colombia,2012-01-01,-0.1
CRI,Costa Rica,2012-01-01,3.8
CYP,Cyprus,2012-01-01,6.9
CZE,Czech Republic,2012-01-01,2.2
DEU,Germany,2012-01-01,1.7
DNK,Denmark,2012-01-01,2.3
DZA,Algeria,2012-01-01,2.7
ECU,Ecuador,2012-01-01,2.8
EGY,"Egypt, Arab Rep.",2012-01-01,2.4
ESP,Spain,2012-01-01,3.4
EST,Estonia,2012-01-01,2.3
FIN,Finland,2012-01-01,1.4
FRA,France,2012-01-01,2.3
GBR,United Kingdom,2012-01-01,2.4
GEO,Georgia,2012-01-01,1.6
GHA,Ghana,2012-01-01,17.1
GMB,"Gambia, The",2012-01-01,2.8
GRC,Greece,2012-01-01,3.7
HKG,"Hong Kong SAR, China",2012-01-01,0.1
HRV,Croatia,2012-01-01,5.3
HUN,Hungary,2012-01-01,4.1
IND,India,2012-01-01,7.3
IRL,Ireland,2012-01-01,1.8
IRN,"Iran, Islamic Rep.",2012-01-01,24.7
ISL,Iceland,2012-01-01,1.0
ISR,Israel,2012-01-01,4.3
ITA,Italy,2012-01-01,3.6
JAM,Jamaica,2012-01-01,7.6
JOR,Jordan,2012-01-01,4.7
JPN,Japan,2012-01-01,-0.9
KAZ,Kazakhstan,2012-01-01,3.5
KGZ,Kyrgyz Republic,2012-01-01,-2.1
KOR,"Korea, Rep.",2012-01-01,3.7
LTU,Lithuania,2012-01-01,5.0
LUX,Luxembourg,2012-01-01,0.2
LVA,Latvia,2012-01-01,3.7
MAR,Morocco,2012-01-01,2.9
MDA,"Moldova, Rep.",2012-01-01,3.1
MEX,Mexico,2012-01-01,4.6
MKD,North Macedonia,2012-01-01,1.4
MLT,Malta,2012-01-01,-1.4
MNE,Montenegro,2012-01-01,1.9
MOZ,Mozambique,2012-01-01,-4.7
MUS,Mauritius,2012-01-01,3.2
MYS,Malaysia,2012-01-01,-0.5
NIC,Nicaragua,2012-01-01,5.9
NLD,Netherlands,2012-01-01,0.4
NOR,Norway,2012-01-01,2.7
NZL,New Zealand,2012-01-01,1.0
OMN,Oman,2012-01-01,5.5
PAK,Pakistan,2012-01-01,7.1
PER,Peru,2012-01-01,1.8
PHL,Philippines,2012-01-01,-0.6
POL,Poland,2012-01-01,3.2
PRT,Portugal,2012-01-01,3.7
PRY,Paraguay,2012-01-01,3.3
ROU,Romania,2012-01-01,5.4
RUS,Russian Federation,2012-01-01,6.4
RWA,Rwanda,2012-01-01,3.1
SEN,Senegal,2012-01-01,4.6
SGP,Singapore,2012-01-01,0.4
SLV,El Salvador,2012-01-01,4.1
SRB,Serbia,2012-01-01,5.6
SVK,Slovakia,2012-01-01,1.7
SVN,Slovenia,2012-01-01,0.9
SWE,Sweden,2012-01-01,-1.0
THA,Thailand,2012-01-01,1.0
TJK,Tajikistan,2012-01-01,14.2
TTO,Trinidad and Tobago,2012-01-01,4.2
TUN,Tunisia,2012-01-01,5.1
TUR,Turkey,2012-01-01,6.1
TWN,"Taiwan, China",2012-01-01,-1.2
UKR,Ukraine,2012-01-01,3.6
URY,Uruguay,2012-01-01,6.4
USA,United States,2012-01-01,1.9
VEN,"Venezuela, RB",2012-01-01,41.7
VNM,Vietnam,2012-01-01,3.4
XKX,Kosovo,2012-01-01,1.9
ZAF,South Africa,2012-01-01,4.5
AGO,Angola,2013-01-01,8.4
ARG,Argentina,2013-01-01,16.3
ARM,Armenia,2013-01-01,4.7
AUS,Australia,2013-01-01,-0.5
AUT,Austria,2013-01-01,-0.9
AZE,Azerbaijan,2013-01-01,-3.9
BEL,Belgium,2013-01-01,-0.5
BGR,Bulgaria,2013-01-01,-1.6
BIH,Bosnia and Herzegovina,2013-01-01,-1.8
BLR,Belarus,2013-01-01,-0.2
BRA,Brazil,2013-01-01,5.9
BTN,Bhutan,2013-01-01,2.3
CAN,Canada,2013-01-01,0.4
CHE,Switzerland,2013-01-01,0.2
CHL,Chile,2013-01-01,-3.9
CHN,China,2013-01-01,-1.9
COL,Colombia,2013-01-01,-1.3
CRI,Costa Rica,2013-01-01,2.5
CYP,Cyprus,2013-01-01,-2.1
CZE,Czech Republic,2013-01-01,0.8
DEU,Germany,2013-01-01,-0.2
DNK,Denmark,2013-01-01,1.6
DZA,Algeria,2013-01-01,0.2
ECU,Ecuador,2013-01-01,1.2
EGY,"Egypt, Arab Rep.",2013-01-01,3.3
ESP,Spain,2013-01-01,-0.1
EST,Estonia,2013-01-01,4.1
FIN,Finland,2013-01-01,-0.4
FRA,France,2013-01-01,0.0
GBR,United Kingdom,2013-01-01,3.3
GEO,Georgia,2013-01-01,-2.0
GHA,Ghana,2013-01-01,9.3
GMB,"Gambia, The",2013-01-01,3.7
GRC,Greece,2013-01-01,-0.5
HKG,"Hong Kong SAR, China",2013-01-01,-3.1
HRV,Croatia,2013-01-01,-0.2
HUN,Hungary,2013-01-01,0.8
IND,India,2013-01-01,5.4
IRL,Ireland,2013-01-01,-0.4
IRN,"Iran, Islamic Rep.",2013-01-01,37.3
ISL,Iceland,2013-01-01,-4.4
ISR,Israel,2013-01-01,0.4
ITA,Italy,2013-01-01,-1.1
JAM,Jamaica,2013-01-01,8.5
JOR,Jordan,2013-01-01,-2.6
JPN,Japan,2013-01-01,1.2
KAZ,Kazakhstan,2013-01-01,-0.3
KGZ,Kyrgyz Republic,2013-01-01,-6.1
KOR,"Korea, Rep.",2013-01-01,-0.5
KWT,Kuwait,2013-01-01,3.4
LTU,Lithuania,2013-01-01,-2.4
LUX,Luxembourg,2013-01-01,-3.5
LVA,Latvia,2013-01-01,1.8
MAR,Morocco,2013-01-01,-1.9
MDA,"Moldova, Rep.",2013-01-01,3.3
MEX,Mexico,2013-01-01,1.4
MKD,North Macedonia,2013-01-01,-1.4
MLT,Malta,2013-01-01,-3.0
MNE,Montenegro,2013-01-01,1.8
MOZ,Mozambique,2013-01-01,11.6
MUS,Mauritius,2013-01-01,4.7
MYS,Malaysia,2013-01-01,-2.7
NIC,Nicaragua,2013-01-01,4.5
NLD,Netherlands,2013-01-01,-1.1
NOR,Norway,2013-01-01,0.7
NZL,New Zealand,2013-01-01,1.5
OMN,Oman,2013-01-01,-2.0
PAK,Pakistan,2013-01-01,7.8
PER,Peru,2013-01-01,0.4
PHL,Philippines,2013-01-01,-7.6
POL,Poland,2013-01-01,-1.3
PRT,Portugal,2013-01-01,-0.6
PRY,Paraguay,2013-01-01,0.5
ROU,Romania,2013-01-01,2.1
RUS,Russian Federation,2013-01-01,3.6
RWA,Rwanda,2013-01-01,-1.7
SAU,Saudi Arabia,2013-01-01,1.5
SEN,Senegal,2013-01-01,-2.7
SGP,Singapore,2013-01-01,-3.1
SLV,El Salvador,2013-01-01,0.8
SRB,Serbia,2013-01-01,3.1
SVK,Slovakia,2013-01-01,-1.0
SVN,Slovenia,2013-01-01,0.0
SWE,Sweden,2013-01-01,-2.8
THA,Thailand,2013-01-01,0.3
TJK,Tajikistan,2013-01-01,3.9
TTO,Trinidad and Tobago,2013-01-01,1.9
TUN,Tunisia,2013-01-01,1.8
TUR,Turkey,2013-01-01,4.5
TWN,"Taiwan, China",2013-01-01,-2.4
UKR,Ukraine,2013-01-01,-0.1
URY,Uruguay,2013-01-01,3.9
USA,United States,2013-01-01,1.4
VEN,"Venezuela, RB",2013-01-01,26.5
VNM,Vietnam,2013-01-01,5.2
XKX,Kosovo,2013-01-01,2.4
ZAF,South Africa,2013-01-01,6.0
AGO,Angola,2014-01-01,6.7
ARG,Argentina,2014-01-01,26.0
ARM,Armenia,2014-01-01,8.5
AUS,Australia,2014-01-01,-3.5
AUT,Austria,2014-01-01,-1.1
AZE,Azerbaijan,2014-01-01,-5.1
BEL,Belgium,2014-01-01,-3.5
BGR,Bulgaria,2014-01-01,-1.3
BIH,Bosnia and Herzegovina,2014-01-01,-0.5
BLR,Belarus,2014-01-01,-0.5
BRA,Brazil,2014-01-01,4.6
CAN,Canada,2014-01-01,2.5
CHE,Switzerland,2014-01-01,-0.8
CHL,Chile,2014-01-01,-7.8
CHN,China,2014-01-01,-1.9
COL,Colombia,2014-01-01,2.9
CRI,Costa Rica,2014-01-01,4.5
CYP,Cyprus,2014-01-01,-2.8
CZE,Czech Republic,2014-01-01,-0.8
DEU,Germany,2014-01-01,-0.5
DNK,Denmark,2014-01-01,-1.0
DZA,Algeria,2014-01-01,1.0
ECU,Ecuador,2014-01-01,3.9
EGY,"Egypt, Arab Rep.",2014-01-01,4.3
ESP,Spain,2014-01-01,-1.5
EST,Estonia,2014-01-01,-1.6
FIN,Finland,2014-01-01,-1.0
FRA,France,2014-01-01,-1.3
GBR,United Kingdom,2014-01-01,-7.4
GEO,Georgia,2014-01-01,2.9
GHA,Ghana,2014-01-01,36.0
GRC,Greece,2014-01-01,-3.5
HKG,"Hong Kong SAR, China",2014-01-01,-1.7
HRV,Croatia,2014-01-01,-2.5
HUN,Hungary,2014-01-01,-0.4
IND,India,2014-01-01,3.4
IRL,Ireland,2014-01-01,-1.3
IRN,"Iran, Islamic Rep.",2014-01-01,17.2
ISL,Iceland,2014-01-01,-0.7
ISR,Israel,2014-01-01,-1.4
ITA,Italy,2014-01-01,-1.4
JAM,Jamaica,2014-01-01,7.9
JOR,Jordan,2014-01-01,-1.7
JPN,Japan,2014-01-01,3.2
KAZ,Kazakhstan,2014-01-01,9.5
KGZ,Kyrgyz Republic,2014-01-01,0.2
KOR,"Korea, Rep.",2014-01-01,-3.5
KWT,Kuwait,2014-01-01,2.4
LTU,Lithuania,2014-01-01,-4.9
LUX,Luxembourg,2014-01-01,-2.0
LVA,Latvia,2014-01-01,0.4
MAR,Morocco,2014-01-01,-2.8
MDA,"Moldova, Rep.",2014-01-01,5.5
MEX,Mexico,2014-01-01,2.7
MKD,North Macedonia,2014-01-01,-2.0
MLT,Malta,2014-01-01,-0.6
MNE,Montenegro,2014-01-01,0.6
MOZ,Mozambique,2014-01-01,-0.8
MUS,Mauritius,2014-01-01,0.3
MYS,Malaysia,2014-01-01,1.5
NIC,Nicaragua,2014-01-01,8.7
NLD,Netherlands,2014-01-01,-1.6
NOR,Norway,2014-01-01,-1.4
NZL,New Zealand,2014-01-01,0.1
OMN,Oman,2014-01-01,-2.2
PAK,Pakistan,2014-01-01,4.8
PER,Peru,2014-01-01,1.8
PHL,Philippines,2014-01-01,-0.9
POL,Poland,2014-01-01,-1.5
PRT,Portugal,2014-01-01,-1.9
PRY,Paraguay,2014-01-01,2.9
QAT,Qatar,2014-01-01,-3.2
ROU,Romania,2014-01-01,-0.1
RUS,Russian Federation,2014-01-01,6.1
RWA,Rwanda,2014-01-01,-0.5
SAU,Saudi Arabia,2014-01-01,0.3
SEN,Senegal,2014-01-01,-0.9
SGP,Singapore,2014-01-01,-3.4
SLV,El Salvador,2014-01-01,1.0
SRB,Serbia,2014-01-01,0.9
SVK,Slovakia,2014-01-01,-3.4
SVN,Slovenia,2014-01-01,-0.6
SWE,Sweden,2014-01-01,1.4
THA,Thailand,2014-01-01,0.1
TJK,Tajikistan,2014-01-01,0.9
TTO,Trinidad and Tobago,2014-01-01,2.0
TUN,Tunisia,2014-01-01,2.0
TUR,Turkey,2014-01-01,10.2
TWN,"Taiwan, China",2014-01-01,-0.6
TZA,"Tanzania, United Rep.",2014-01-01,4.9
UKR,Ukraine,2014-01-01,17.2
URY,Uruguay,2014-01-01,10.4
USA,United States,2014-01-01,1.6
VEN,"Venezuela, RB",2014-01-01,60.5
VNM,Vietnam,2014-01-01,3.3
XKX,Kosovo,2014-01-01,1.6
ZAF,South Africa,2014-01-01,7.4
AGO,Angola,2015-01-01,9.2
ARM,Armenia,2015-01-01,-0.8
AUS,Australia,2015-01-01,-4.9
AUT,Austria,2015-01-01,-1.5
AZE,Azerbaijan,2015-01-01,-30.6
BEL,Belgium,2015-01-01,-2.0
BGR,Bulgaria,2015-01-01,-2.0
BIH,Bosnia and Herzegovina,2015-01-01,0.6
BLR,Belarus,2015-01-01,-0.5
BRA,Brazil,2015-01-01,6.0
CAN,Canada,2015-01-01,-0.8
CHE,Switzerland,2015-01-01,-3.6
CHL,Chile,2015-01-01,-1.2
CHN,China,2015-01-01,-5.2
COL,Colombia,2015-01-01,3.9
CRI,Costa Rica,2015-01-01,1.3
CYP,Cyprus,2015-01-01,-5.1
CZE,Czech Republic,2015-01-01,-3.2
DEU,Germany,2015-01-01,-0.5
DNK,Denmark,2015-01-01,-3.7
DZA,Algeria,2015-01-01,2.2
ECU,Ecuador,2015-01-01,2.0
EGY,"Egypt, Arab Rep.",2015-01-01,-3.1
ESP,Spain,2015-01-01,-1.5
EST,Estonia,2015-01-01,-2.0
FIN,Finland,2015-01-01,-2.0
FRA,France,2015-01-01,-1.6
GBR,United Kingdom,2015-01-01,-6.6
GEO,Georgia,2015-01-01,7.5
GHA,Ghana,2015-01-01,12.8
GRC,Greece,2015-01-01,-4.9
HKG,"Hong Kong SAR, China",2015-01-01,-2.8
HRV,Croatia,2015-01-01,-3.7
HUN,Hungary,2015-01-01,-0.9
IND,India,2015-01-01,-3.9
IRL,Ireland,2015-01-01,5.4
IRN,"Iran, Islamic Rep.",2015-01-01,7.0
ISL,Iceland,2015-01-01,5.1
ISR,Israel,2015-01-01,-5.9
ITA,Italy,2015-01-01,-2.7
JAM,Jamaica,2015-01-01,-2.8
JOR,Jordan,2015-01-01,-9.9
JPN,Japan,2015-01-01,-2.3
KAZ,Kazakhstan,2015-01-01,-20.5
KGZ,Kyrgyz Republic,2015-01-01,9.1
KOR,"Korea, Rep.",2015-01-01,-4.9
KWT,Kuwait,2015-01-01,3.0
LKA,Sri Lanka,2015-01-01,3.6
LTU,Lithuania,2015-01-01,-9.6
LUX,Luxembourg,2015-01-01,-0.8
LVA,Latvia,2015-01-01,-0.9
MAR,Morocco,2015-01-01,-4.6
MDA,"Moldova, Rep.",2015-01-01,6.3
MEX,Mexico,2015-01-01,2.9
MKD,North Macedonia,2015-01-01,-3.9
MLT,Malta,2015-01-01,-2.2
MNE,Montenegro,2015-01-01,0.3
MOZ,Mozambique,2015-01-01,18.9
MUS,Mauritius,2015-01-01,2.2
MYS,Malaysia,2015-01-01,-7.5
NIC,Nicaragua,2015-01-01,2.7
NLD,Netherlands,2015-01-01,-5.0
NOR,Norway,2015-01-01,-8.1
NZL,New Zealand,2015-01-01,-2.2
OMN,Oman,2015-01-01,-22.7
PAK,Pakistan,2015-01-01,-2.5
PER,Peru,2015-01-01,1.8
PHL,Philippines,2015-01-01,-6.7
POL,Poland,2015-01-01,-2.3
PRT,Portugal,2015-01-01,-3.3
PRY,Paraguay,2015-01-01,1.9
QAT,Qatar,2015-01-01,-37.9
ROU,Romania,2015-01-01,-1.8
RUS,Russian Federation,2015-01-01,13.8
RWA,Rwanda,2015-01-01,0.4
SAU,Saudi Arabia,2015-01-01,-0.6
SEN,Senegal,2015-01-01,-4.5
SGP,Singapore,2015-01-01,-9.2
SLV,El Salvador,2015-01-01,-0.1
SRB,Serbia,2015-01-01,0.3
SVK,Slovakia,2015-01-01,-2.9
SVN,Slovenia,2015-01-01,-0.2
SWE,Sweden,2015-01-01,0.0
THA,Thailand,2015-01-01,-4.1
TJK,Tajikistan,2015-01-01,4.3
TTO,Trinidad and Tobago,2015-01-01,2.4
TUN,Tunisia,2015-01-01,5.0
TUR,Turkey,2015-01-01,5.3
TWN,"Taiwan, China",2015-01-01,-8.9
TZA,"Tanzania, United Rep.",2015-01-01,3.0
UKR,Ukraine,2015-01-01,35.7
URY,Uruguay,2015-01-01,6.8
USA,United States,2015-01-01,-0.9
VEN,"Venezuela, RB",2015-01-01,142.0
VNM,Vietnam,2015-01-01,-0.6
XKX,Kosovo,2015-01-01,2.7
ZAF,South Africa,2015-01-01,3.6
AGO,Angola,2016-01-01,20.4
ALB,Albania,2016-01-01,-1.6
ARM,Armenia,2016-01-01,1.5
AUS,Australia,2016-01-01,-1.4
AUT,Austria,2016-01-01,-1.8
AZE,Azerbaijan,2016-01-01,27.5
BEL,Belgium,2016-01-01,-1.4
BGR,Bulgaria,2016-01-01,-3.1
BIH,Bosnia and Herzegovina,2016-01-01,-1.9
BLR,Belarus,2016-01-01,-1.2
BRA,Brazil,2016-01-01,3.9
BTN,Bhutan,2016-01-01,1.1
CAN,Canada,2016-01-01,-0.2
CHE,Switzerland,2016-01-01,-1.5
CHL,Chile,2016-01-01,-0.7
CHN,China,2016-01-01,-1.0
COL,Colombia,2016-01-01,5.4
CRI,Costa Rica,2016-01-01,-1.1
CYP,Cyprus,2016-01-01,-4.1
CZE,Czech Republic,2016-01-01,-3.3
DEU,Germany,2016-01-01,-1.2
DNK,Denmark,2016-01-01,-1.4
DZA,Algeria,2016-01-01,4.1
ECU,Ecuador,2016-01-01,0.1
EGY,"Egypt, Arab Rep.",2016-01-01,13.8
ESP,Spain,2016-01-01,-2.7
EST,Estonia,2016-01-01,-0.7
ETH,Ethiopia,2016-01-01,3.0
FIN,Finland,2016-01-01,-2.3
FRA,France,2016-01-01,-2.2
GBR,United Kingdom,2016-01-01,2.0
GEO,Georgia,2016-01-01,-0.1
GHA,Ghana,2016-01-01,10.9
GMB,"Gambia, The",2016-01-01,4.2
GRC,Greece,2016-01-01,-1.4
HKG,"Hong Kong SAR, China",2016-01-01,1.3
HRV,Croatia,2016-01-01,-4.0
HUN,Hungary,2016-01-01,-1.7
IND,India,2016-01-01,-0.1
IRL,Ireland,2016-01-01,-1.2
IRN,"Iran, Islamic Rep.",2016-01-01,3.5
ISL,Iceland,2016-01-01,-8.1
ISR,Israel,2016-01-01,-3.6
ITA,Italy,2016-01-01,-1.9
JAM,Jamaica,2016-01-01,-0.5
JOR,Jordan,2016-01-01,-8.8
JPN,Japan,2016-01-01,-3.5
KAZ,Kazakhstan,2016-01-01,16.8
KGZ,Kyrgyz Republic,2016-01-01,6.4
KOR,"Korea, Rep.",2016-01-01,-1.4
KWT,Kuwait,2016-01-01,1.3
LKA,Sri Lanka,2016-01-01,1.7
LTU,Lithuania,2016-01-01,-4.4
LUX,Luxembourg,2016-01-01,-1.2
LVA,Latvia,2016-01-01,-2.4
MAR,Morocco,2016-01-01,1.6
MDA,"Moldova, Rep.",2016-01-01,4.5
MEX,Mexico,2016-01-01,5.7
MKD,North Macedonia,2016-01-01,-3.1
MLT,Malta,2016-01-01,-0.2
MNE,Montenegro,2016-01-01,-0.4
MOZ,Mozambique,2016-01-01,43.9
MUS,Mauritius,2016-01-01,0.1
MYS,Malaysia,2016-01-01,-1.1
NIC,Nicaragua,2016-01-01,0.2
NLD,Netherlands,2016-01-01,-2.5
NOR,Norway,2016-01-01,-8.0
NZL,New Zealand,2016-01-01,0.5
OMN,Oman,2016-01-01,-19.0
PAK,Pakistan,2016-01-01,1.9
PER,Peru,2016-01-01,1.6
PHL,Philippines,2016-01-01,-4.8
POL,Poland,2016-01-01,-0.3
PRT,Portugal,2016-01-01,-2.7
PRY,Paraguay,2016-01-01,5.0
QAT,Qatar,2016-01-01,-22.5
ROU,Romania,2016-01-01,-1.8
RUS,Russian Federation,2016-01-01,4.3
RWA,Rwanda,2016-01-01,3.0
SAU,Saudi Arabia,2016-01-01,2.6
SEN,Senegal,2016-01-01,-4.8
SGP,Singapore,2016-01-01,-5.5
SLV,El Salvador,2016-01-01,-0.9
SRB,Serbia,2016-01-01,-0.4
SVK,Slovakia,2016-01-01,-4.0
SVN,Slovenia,2016-01-01,-1.4
SWE,Sweden,2016-01-01,-0.9
THA,Thailand,2016-01-01,-1.2
TJK,Tajikistan,2016-01-01,6.7
TTO,Trinidad and Tobago,2016-01-01,1.2
TUN,Tunisia,2016-01-01,1.4
TUR,Turkey,2016-01-01,4.3
TWN,"Taiwan, China",2016-01-01,-3.0
TZA,"Tanzania, United Rep.",2016-01-01,6.9
UKR,Ukraine,2016-01-01,20.9
URY,Uruguay,2016-01-01,3.4
USA,United States,2016-01-01,0.4
UZB,Uzbekistan,2016-01-01,16.3
VEN,"Venezuela, RB",2016-01-01,291.6
VNM,Vietnam,2016-01-01,-0.6
XKX,Kosovo,2016-01-01,-0.1
ZAF,South Africa,2016-01-01,7.1
AGO,Angola,2017-01-01,23.0
ALB,Albania,2017-01-01,2.8
ARG,Argentina,2017-01-01,16.3
ARM,Armenia,2017-01-01,2.2
AUS,Australia,2017-01-01,8.5
AUT,Austria,2017-01-01,2.0
AZE,Azerbaijan,2017-01-01,36.8
BEL,Belgium,2017-01-01,8.5
BGD,Bangladesh,2017-01-01,3.6
BGR,Bulgaria,2017-01-01,5.0
BIH,Bosnia and Herzegovina,2017-01-01,3.0
BLR,Belarus,2017-01-01,1.9
BRA,Brazil,2017-01-01,2.6
BTN,Bhutan,2017-01-01,5.2
CAN,Canada,2017-01-01,3.1
CHE,Switzerland,2017-01-01,-0.5
CHL,Chile,2017-01-01,9.7
CHN,China,2017-01-01,6.3
COL,Colombia,2017-01-01,0.9
CRI,Costa Rica,2017-01-01,2.3
CYP,Cyprus,2017-01-01,3.1
CZE,Czech Republic,2017-01-01,1.8
DEU,Germany,2017-01-01,1.9
DNK,Denmark,2017-01-01,2.5
DZA,Algeria,2017-01-01,1.9
ECU,Ecuador,2017-01-01,-0.7
EGY,"Egypt, Arab Rep.",2017-01-01,33.2
ESP,Spain,2017-01-01,4.2
EST,Estonia,2017-01-01,3.6
ETH,Ethiopia,2017-01-01,10.6
FIN,Finland,2017-01-01,3.6
FRA,France,2017-01-01,2.4
GBR,United Kingdom,2017-01-01,6.1
GEO,Georgia,2017-01-01,11.0
GHA,Ghana,2017-01-01,5.5
GMB,"Gambia, The",2017-01-01,2.0
GRC,Greece,2017-01-01,8.5
HKG,"Hong Kong SAR, China",2017-01-01,3.8
HRV,Croatia,2017-01-01,2.0
HUN,Hungary,2017-01-01,3.3
IND,India,2017-01-01,3.4
IRL,Ireland,2017-01-01,-0.2
IRN,"Iran, Islamic Rep.",2017-01-01,9.7
ISL,Iceland,2017-01-01,-4.6
ISR,Israel,2017-01-01,1.4
ITA,Italy,2017-01-01,2.3
JAM,Jamaica,2017-01-01,7.0
JOR,Jordan,2017-01-01,4.1
JPN,Japan,2017-01-01,2.3
KAZ,Kazakhstan,2017-01-01,15.3
KGZ,Kyrgyz Republic,2017-01-01,1.7
KOR,"Korea, Rep.",2017-01-01,8.5
KWT,Kuwait,2017-01-01,3.1
LKA,Sri Lanka,2017-01-01,17.0
LTU,Lithuania,2017-01-01,5.1
LUX,Luxembourg,2017-01-01,2.9
LVA,Latvia,2017-01-01,2.5
MAR,Morocco,2017-01-01,1.7
MDA,"Moldova, Rep.",2017-01-01,3.3
MEX,Mexico,2017-01-01,6.9
MKD,North Macedonia,2017-01-01,4.8
MLT,Malta,2017-01-01,1.5
MNE,Montenegro,2017-01-01,1.8
MNG,Mongolia,2017-01-01,29.5
MOZ,Mozambique,2017-01-01,20.1
MUS,Mauritius,2017-01-01,2.3
MYS,Malaysia,2017-01-01,6.7
NIC,Nicaragua,2017-01-01,6.5
NLD,Netherlands,2017-01-01,4.8
NOR,Norway,2017-01-01,9.3
NZL,New Zealand,2017-01-01,4.5
OMN,Oman,2017-01-01,13.6
PAK,Pakistan,2017-01-01,4.9
PER,Peru,2017-01-01,1.1
PHL,Philippines,2017-01-01,-0.9
POL,Poland,2017-01-01,2.7
PRT,Portugal,2017-01-01,3.3
PRY,Paraguay,2017-01-01,3.2
QAT,Qatar,2017-01-01,19.3
ROU,Romania,2017-01-01,3.5
RUS,Russian Federation,2017-01-01,7.6
RWA,Rwanda,2017-01-01,8.9
SAU,Saudi Arabia,2017-01-01,-1.3
SEN,Senegal,2017-01-01,0.4
SGP,Singapore,2017-01-01,3.8
SLV,El Salvador,2017-01-01,1.3
SRB,Serbia,2017-01-01,3.2
SVK,Slovakia,2017-01-01,2.4
SVN,Slovenia,2017-01-01,2.1
SWE,Sweden,2017-01-01,5.2
THA,Thailand,2017-01-01,0.7
TJK,Tajikistan,2017-01-01,9.3
TTO,Trinidad and Tobago,2017-01-01,1.9
TUN,Tunisia,2017-01-01,4.6
TUR,Turkey,2017-01-01,15.8
TWN,"Taiwan, China",2017-01-01,0.9
TZA,"Tanzania, United Rep.",2017-01-01,1.3
UKR,Ukraine,2017-01-01,26.4
URY,Uruguay,2017-01-01,1.7
USA,United States,2017-01-01,2.3
UZB,Uzbekistan,2017-01-01,17.4
VEN,"Venezuela, RB",2017-01-01,905.7
XKX,Kosovo,2017-01-01,0.6
ZAF,South Africa,2017-01-01,4.9
AGO,Angola,2018-01-01,16.1
ALB,Albania,2018-01-01,1.6
ARG,Argentina,2018-01-01,52.2
ARM,Armenia,2018-01-01,0.1
AUS,Australia,2018-01-01,5.2
AUT,Austria,2018-01-01,2.4
AZE,Azerbaijan,2018-01-01,26.0
BEL,Belgium,2018-01-01,5.2
BGD,Bangladesh,2018-01-01,4.4
BGR,Bulgaria,2018-01-01,3.9
BIH,Bosnia and Herzegovina,2018-01-01,3.5
BLR,Belarus,2018-01-01,1.9
BRA,Brazil,2018-01-01,11.3
BTN,Bhutan,2018-01-01,5.0
CAN,Canada,2018-01-01,3.9
CHE,Switzerland,2018-01-01,1.4
CHL,Chile,2018-01-01,4.9
CHN,China,2018-01-01,3.6
COL,Colombia,2018-01-01,5.1
CRI,Costa Rica,2018-01-01,3.3
CYP,Cyprus,2018-01-01,2.3
CZE,Czech Republic,2018-01-01,2.0
DEU,Germany,2018-01-01,1.9
DNK,Denmark,2018-01-01,4.3
DZA,Algeria,2018-01-01,4.1
ECU,Ecuador,2018-01-01,1.3
EGY,"Egypt, Arab Rep.",2018-01-01,24.1
ESP,Spain,2018-01-01,2.4
EST,Estonia,2018-01-01,2.6
ETH,Ethiopia,2018-01-01,4.4
FIN,Finland,2018-01-01,4.7
FRA,France,2018-01-01,2.4
GBR,United Kingdom,2018-01-01,3.7
GEO,Georgia,2018-01-01,6.1
GHA,Ghana,2018-01-01,6.4
GMB,"Gambia, The",2018-01-01,2.2
GRC,Greece,2018-01-01,5.2
HKG,"Hong Kong SAR, China",2018-01-01,2.0
HRV,Croatia,2018-01-01,2.1
HUN,Hungary,2018-01-01,5.5
IND,India,2018-01-01,4.3
IRL,Ireland,2018-01-01,-1.8
IRN,"Iran, Islamic Rep.",2018-01-01,30.6
ISL,Iceland,2018-01-01,6.8
ISR,Israel,2018-01-01,3.3
ITA,Italy,2018-01-01,3.3
JAM,Jamaica,2018-01-01,7.3
JOR,Jordan,2018-01-01,7.5
JPN,Japan,2018-01-01,2.5
KAZ,Kazakhstan,2018-01-01,19.0
KEN,Kenya,2018-01-01,0.8
KGZ,Kyrgyz Republic,2018-01-01,1.5
KOR,"Korea, Rep.",2018-01-01,5.2
KWT,Kuwait,2018-01-01,1.3
LKA,Sri Lanka,2018-01-01,6.3
LTU,Lithuania,2018-01-01,5.6
LUX,Luxembourg,2018-01-01,4.6
LVA,Latvia,2018-01-01,4.4
MAR,Morocco,2018-01-01,2.6
MDA,"Moldova, Rep.",2018-01-01,0.4
MEX,Mexico,2018-01-01,5.5
MKD,North Macedonia,2018-01-01,0.9
MLT,Malta,2018-01-01,4.4
MNE,Montenegro,2018-01-01,1.8
MNG,Mongolia,2018-01-01,6.9
MOZ,Mozambique,2018-01-01,5.9
MUS,Mauritius,2018-01-01,3.2
MYS,Malaysia,2018-01-01,-1.1
NIC,Nicaragua,2018-01-01,3.7
NLD,Netherlands,2018-01-01,3.0
NOR,Norway,2018-01-01,14.8
NZL,New Zealand,2018-01-01,4.2
OMN,Oman,2018-01-01,22.1
PAK,Pakistan,2018-01-01,12.1
PER,Peru,2018-01-01,1.6
PHL,Philippines,2018-01-01,0.7
POL,Poland,2018-01-01,2.1
PRT,Portugal,2018-01-01,2.7
PRY,Paraguay,2018-01-01,2.7
QAT,Qatar,2018-01-01,25.9
ROU,Romania,2018-01-01,5.0
RUS,Russian Federation,2018-01-01,12.2
RWA,Rwanda,2018-01-01,-0.5
SAU,Saudi Arabia,2018-01-01,16.0
SEN,Senegal,2018-01-01,2.4
SGP,Singapore,2018-01-01,4.4
SLV,El Salvador,2018-01-01,1.6
SRB,Serbia,2018-01-01,2.2
SVK,Slovakia,2018-01-01,2.5
SVN,Slovenia,2018-01-01,2.1
SWE,Sweden,2018-01-01,6.6
THA,Thailand,2018-01-01,0.4
TJK,Tajikistan,2018-01-01,2.2
TUN,Tunisia,2018-01-01,7.9
TUR,Turkey,2018-01-01,27.0
TWN,"Taiwan, China",2018-01-01,3.6
TZA,"Tanzania, United Rep.",2018-01-01,6.2
UGA,Uganda,2018-01-01,-1.7
UKR,Ukraine,2018-01-01,17.6
URY,Uruguay,2018-01-01,9.7
USA,United States,2018-01-01,2.9
UZB,Uzbekistan,2018-01-01,31.7
VEN,"Venezuela, RB",2018-01-01,169201.8
XKX,Kosovo,2018-01-01,1.4
ZAF,South Africa,2018-01-01,5.5
AGO,Angola,2019-01-01,17.6
ALB,Albania,2019-01-01,-0.8
ARG,Argentina,2019-01-01,58.3
ARM,Armenia,2019-01-01,0.6
AUS,Australia,2019-01-01,1.0
AUT,Austria,2019-01-01,0.1
AZE,Azerbaijan,2019-01-01,3.2
BEL,Belgium,2019-01-01,1.0
BGD,Bangladesh,2019-01-01,1.0
BGR,Bulgaria,2019-01-01,3.1
BIH,Bosnia and Herzegovina,2019-01-01,0.1
BLR,Belarus,2019-01-01,0.9
BRA,Brazil,2019-01-01,29.2
BTN,Bhutan,2019-01-01,-3.5
CAN,Canada,2019-01-01,-0.1
CHE,Switzerland,2019-01-01,-0.3
CHL,Chile,2019-01-01,1.9
CHN,China,2019-01-01,-0.5
COL,Colombia,2019-01-01,4.3
CRI,Costa Rica,2019-01-01,2.6
CYP,Cyprus,2019-01-01,2.5
CZE,Czech Republic,2019-01-01,2.6
DEU,Germany,2019-01-01,0.9
DNK,Denmark,2019-01-01,-0.6
DZA,Algeria,2019-01-01,2.6
ECU,Ecuador,2019-01-01,-0.1
EGY,"Egypt, Arab Rep.",2019-01-01,5.0
ESP,Spain,2019-01-01,-0.3
EST,Estonia,2019-01-01,-0.2
FIN,Finland,2019-01-01,0.3
FRA,France,2019-01-01,0.5
GBR,United Kingdom,2019-01-01,0.8
GEO,Georgia,2019-01-01,7.2
GHA,Ghana,2019-01-01,8.1
GMB,"Gambia, The",2019-01-01,6.2
GRC,Greece,2019-01-01,1.0
HKG,"Hong Kong SAR, China",2019-01-01,1.0
HRV,Croatia,2019-01-01,0.7
HUN,Hungary,2019-01-01,2.1
IND,India,2019-01-01,1.9
IRL,Ireland,2019-01-01,-1.5
ISL,Iceland,2019-01-01,4.9
ISR,Israel,2019-01-01,-1.1
ITA,Italy,2019-01-01,0.2
JAM,Jamaica,2019-01-01,3.1
JOR,Jordan,2019-01-01,-1.5
JPN,Japan,2019-01-01,4.1
KAZ,Kazakhstan,2019-01-01,5.1
KEN,Kenya,2019-01-01,1.2
KGZ,Kyrgyz Republic,2019-01-01,4.3
KOR,"Korea, Rep.",2019-01-01,1.0
KWT,Kuwait,2019-01-01,0.6
LKA,Sri Lanka,2019-01-01,2.9
LTU,Lithuania,2019-01-01,-0.1
LUX,Luxembourg,2019-01-01,-1.9
LVA,Latvia,2019-01-01,1.7
MAR,Morocco,2019-01-01,0.5
MDA,"Moldova, Rep.",2019-01-01,1.8
MEX,Mexico,2019-01-01,2.9
MKD,North Macedonia,2019-01-01,2.1
MLT,Malta,2019-01-01,2.2
MNE,Montenegro,2019-01-01,2.4
MNG,Mongolia,2019-01-01,4.5
MOZ,Mozambique,2019-01-01,4.3
MUS,Mauritius,2019-01-01,1.5
MYS,Malaysia,2019-01-01,-1.4
NIC,Nicaragua,2019-01-01,2.5
NLD,Netherlands,2019-01-01,0.9
NOR,Norway,2019-01-01,-3.6
NZL,New Zealand,2019-01-01,2.2
OMN,Oman,2019-01-01,-3.4
PAK,Pakistan,2019-01-01,14.2
PER,Peru,2019-01-01,1.2
PHL,Philippines,2019-01-01,1.6
POL,Poland,2019-01-01,1.4
PRT,Portugal,2019-01-01,0.0
PRY,Paraguay,2019-01-01,1.4
QAT,Qatar,2019-01-01,-9.5
ROU,Romania,2019-01-01,4.0
RUS,Russian Federation,2019-01-01,2.0
RWA,Rwanda,2019-01-01,10.7
SAU,Saudi Arabia,2019-01-01,1.9
SEN,Senegal,2019-01-01,0.2
SGP,Singapore,2019-01-01,-3.3
SLV,El Salvador,2019-01-01,0.9
SRB,Serbia,2019-01-01,0.6
SVK,Slovakia,2019-01-01,1.9
SVN,Slovenia,2019-01-01,0.7
SWE,Sweden,2019-01-01,3.0
THA,Thailand,2019-01-01,-1.0
TJK,Tajikistan,2019-01-01,1.8
TUN,Tunisia,2019-01-01,6.0
TUR,Turkey,2019-01-01,17.6
TWN,"Taiwan, China",2019-01-01,-2.3
TZA,"Tanzania, United Rep.",2019-01-01,7.2
UGA,Uganda,2019-01-01,-2.5
UKR,Ukraine,2019-01-01,4.1
URY,Uruguay,2019-01-01,12.8
USA,United States,2019-01-01,1.7
UZB,Uzbekistan,2019-01-01,43.4
XKX,Kosovo,2019-01-01,0.9
ZAF,South Africa,2019-01-01,4.6
AGO,Angola,2020-01-01,23.1
ALB,Albania,2020-01-01,-3.4
ARG,Argentina,2020-01-01,42.5
ARM,Armenia,2020-01-01,3.0
AUS,Australia,2020-01-01,-3.7
AUT,Austria,2020-01-01,-1.6
AZE,Azerbaijan,2020-01-01,-24.8
BEL,Belgium,2020-01-01,-3.7
BGD,Bangladesh,2020-01-01,1.1
BGR,Bulgaria,2020-01-01,-1.9
BIH,Bosnia and Herzegovina,2020-01-01,-1.2
BLR,Belarus,2020-01-01,-0.8
BRA,Brazil,2020-01-01,17.8
BTN,Bhutan,2020-01-01,1.1
CAN,Canada,2020-01-01,-0.5
CHE,Switzerland,2020-01-01,-0.6
CHL,Chile,2020-01-01,2.3
CHN,China,2020-01-01,-1.8
COL,Colombia,2020-01-01,3.2
CRI,Costa Rica,2020-01-01,0.1
CYP,Cyprus,2020-01-01,-2.5
CZE,Czech Republic,2020-01-01,0.1
DEU,Germany,2020-01-01,-0.8
DNK,Denmark,2020-01-01,-2.7
ECU,Ecuador,2020-01-01,-1.0
EGY,"Egypt, Arab Rep.",2020-01-01,-7.0
ESP,Spain,2020-01-01,-3.6
EST,Estonia,2020-01-01,-2.4
FIN,Finland,2020-01-01,-4.6
FRA,France,2020-01-01,-1.9
GBR,United Kingdom,2020-01-01,-0.1
GEO,Georgia,2020-01-01,11.8
GHA,Ghana,2020-01-01,9.0
GMB,"Gambia, The",2020-01-01,1.1
GRC,Greece,2020-01-01,5.3
HKG,"Hong Kong SAR, China",2020-01-01,1.0
HRV,Croatia,2020-01-01,-3.3
HUN,Hungary,2020-01-01,4.2
IND,India,2020-01-01,0.5
IRL,Ireland,2020-01-01,-8.7
ISL,Iceland,2020-01-01,23.1
ISR,Israel,2020-01-01,-4.9
ITA,Italy,2020-01-01,56.1
JAM,Jamaica,2020-01-01,1.0
JOR,Jordan,2020-01-01,-7.5
JPN,Japan,2020-01-01,3.0
KAZ,Kazakhstan,2020-01-01,-7.9
KEN,Kenya,2020-01-01,0.1
KGZ,Kyrgyz Republic,2020-01-01,20.8
KOR,"Korea, Rep.",2020-01-01,-0.5
KWT,Kuwait,2020-01-01,-30.6
LKA,Sri Lanka,2020-01-01,5.7
LTU,Lithuania,2020-01-01,-8.9
LUX,Luxembourg,2020-01-01,-1.9
LVA,Latvia,2020-01-01,-1.9
MAR,Morocco,2020-01-01,-1.9
MDA,"Moldova, Rep.",2020-01-01,2.6
MEX,Mexico,2020-01-01,4.8
MKD,North Macedonia,2020-01-01,0.6
MLT,Malta,2020-01-01,0.3
MNE,Montenegro,2020-01-01,0.0
MNG,Mongolia,2020-01-01,-7.4
MOZ,Mozambique,2020-01-01,-31.4
MUS,Mauritius,2020-01-01,3.8
MYS,Malaysia,2020-01-01,-2.7
NIC,Nicaragua,2020-01-01,4.0
NLD,Netherlands,2020-01-01,1.6
NOR,Norway,2020-01-01,-10.2
NZL,New Zealand,2020-01-01,21.3
OMN,Oman,2020-01-01,-13.7
PAK,Pakistan,2020-01-01,5.8
PER,Peru,2020-01-01,0.2
PHL,Philippines,2020-01-01,-4.0
POL,Poland,2020-01-01,-0.5
PRT,Portugal,2020-01-01,-4.2
PRY,Paraguay,2020-01-01,2.7
QAT,Qatar,2020-01-01,-28.5
ROU,Romania,2020-01-01,0.0
RUS,Russian Federation,2020-01-01,-3.8
RWA,Rwanda,2020-01-01,5.1
SAU,Saudi Arabia,2020-01-01,3.5
SEN,Senegal,2020-01-01,-0.5
SGP,Singapore,2020-01-01,-6.9
SLV,El Salvador,2020-01-01,-0.2
SRB,Serbia,2020-01-01,-1.2
SVK,Slovakia,2020-01-01,-1.5
SVN,Slovenia,2020-01-01,-0.2
SWE,Sweden,2020-01-01,-0.2
THA,Thailand,2020-01-01,-1.6
TJK,Tajikistan,2020-01-01,5.4
TUN,Tunisia,2020-01-01,1.9
TUR,Turkey,2020-01-01,12.1
TWN,"Taiwan, China",2020-01-01,-7.8
UGA,Uganda,2020-01-01,3.2
UKR,Ukraine,2020-01-01,-1.9
URY,Uruguay,2020-01-01,10.5
USA,United States,2020-01-01,-2.1
UZB,Uzbekistan,2020-01-01,14.8
XKX,Kosovo,2020-01-01,-0.6
ZAF,South Africa,2020-01-01,2.5
AGO,Angola,2021-01-01,29.8
ALB,Albania,2021-01-01,2.7
ARG,Argentina,2021-01-01,59.1
ARM,Armenia,2021-01-01,9.9
AUS,Australia,2021-01-01,5.7
AUT,Austria,2021-01-01,7.9
AZE,Azerbaijan,2021-01-01,69.6
BEL,Belgium,2021-01-01,17.3
BGD,Bangladesh,2021-01-01,5.5
BGR,Bulgaria,2021-01-01,15.3
BIH,Bosnia and Herzegovina,2021-01-01,5.6
BLR,Belarus,2021-01-01,12.2
BRA,Brazil,2021-01-01,35.4
BTN,Bhutan,2021-01-01,10.9
CAN,Canada,2021-01-01,13.9
CHE,Switzerland,2021-01-01,1.2
CHL,Chile,2021-01-01,11.5
CHN,China,2021-01-01,1.6
COL,Colombia,2021-01-01,8.7
CRI,Costa Rica,2021-01-01,2.7
CYP,Cyprus,2021-01-01,6.6
CZE,Czech Republic,2021-01-01,5.8
DEU,Germany,2021-01-01,7.5
DNK,Denmark,2021-01-01,13.6
DZA,Algeria,2021-01-01,7.4
ECU,Ecuador,2021-01-01,0.9
EGY,"Egypt, Arab Rep.",2021-01-01,17.3
ESP,Spain,2021-01-01,14.8
EST,Estonia,2021-01-01,12.5
FIN,Finland,2021-01-01,12.7
FRA,France,2021-01-01,8.7
GBR,United Kingdom,2021-01-01,5.0
GEO,Georgia,2021-01-01,16.7
GHA,Ghana,2021-01-01,10.8
GMB,"Gambia, The",2021-01-01,14.2
GRC,Greece,2021-01-01,13.7
HKG,"Hong Kong SAR, China",2021-01-01,1.2
HRV,Croatia,2021-01-01,8.0
HUN,Hungary,2021-01-01,13.5
IND,India,2021-01-01,10.8
IRL,Ireland,2021-01-01,-0.9
ISL,Iceland,2021-01-01,11.5
ISR,Israel,2021-01-01,6.8
ITA,Italy,2021-01-01,6.2
JAM,Jamaica,2021-01-01,12.9
JOR,Jordan,2021-01-01,12.5
JPN,Japan,2021-01-01,4.8
KAZ,Kazakhstan,2021-01-01,32.5
KEN,Kenya,2021-01-01,7.4
KGZ,Kyrgyz Republic,2021-01-01,12.0
KOR,"Korea, Rep.",2021-01-01,6.4
KWT,Kuwait,2021-01-01,54.7
LKA,Sri Lanka,2021-01-01,10.9
LTU,Lithuania,2021-01-01,9.6
LUX,Luxembourg,2021-01-01,11.3
LVA,Latvia,2021-01-01,13.1
MAR,Morocco,2021-01-01,5.0
MDA,"Moldova, Rep.",2021-01-01,8.7
MEX,Mexico,2021-01-01,7.1
MKD,North Macedonia,2021-01-01,11.1
MLT,Malta,2021-01-01,3.2
MNE,Montenegro,2021-01-01,1.3
MNG,Mongolia,2021-01-01,5.8
MOZ,Mozambique,2021-01-01,12.0
MUS,Mauritius,2021-01-01,11.4
MYS,Malaysia,2021-01-01,9.5
NIC,Nicaragua,2021-01-01,9.1
NLD,Netherlands,2021-01-01,12.5
NOR,Norway,2021-01-01,37.8
NZL,New Zealand,2021-01-01,5.7
OMN,Oman,2021-01-01,16.5
PAK,Pakistan,2021-01-01,18.0
PER,Peru,2021-01-01,9.3
PHL,Philippines,2021-01-01,-1.8
POL,Poland,2021-01-01,8.0
PRT,Portugal,2021-01-01,8.9
PRY,Paraguay,2021-01-01,8.6
QAT,Qatar,2021-01-01,62.1
ROU,Romania,2021-01-01,14.9
RUS,Russian Federation,2021-01-01,24.5
RWA,Rwanda,2021-01-01,5.5
SAU,Saudi Arabia,2021-01-01,12.1
SEN,Senegal,2021-01-01,10.1
SGP,Singapore,2021-01-01,15.2
SLV,El Salvador,2021-01-01,3.1
SRB,Serbia,2021-01-01,8.6
SVK,Slovakia,2021-01-01,6.8
SVN,Slovenia,2021-01-01,5.5
SWE,Sweden,2021-01-01,10.7
THA,Thailand,2021-01-01,4.7
TJK,Tajikistan,2021-01-01,3.8
TUN,Tunisia,2021-01-01,9.3
TUR,Turkey,2021-01-01,43.9
TWN,"Taiwan, China",2021-01-01,9.9
UGA,Uganda,2021-01-01,13.2
UKR,Ukraine,2021-01-01,40.8
URY,Uruguay,2021-01-01,14.4
USA,United States,2021-01-01,9.0
UZB,Uzbekistan,2021-01-01,9.3
XKX,Kosovo,2021-01-01,4.9
ZAF,South Africa,2021-01-01,7.1
AGO,Angola,2022-01-01,26.0
ALB,Albania,2022-01-01,19.9
ARG,Argentina,2022-01-01,60.3
ARM,Armenia,2022-01-01,2.7
AUS,Australia,2022-01-01,9.9
AUT,Austria,2022-01-01,9.5
AZE,Azerbaijan,2022-01-01,84.3
BEL,Belgium,2022-01-01,34.2
BGD,Bangladesh,2022-01-01,5.0
BGR,Bulgaria,2022-01-01,37.8
BIH,Bosnia and Herzegovina,2022-01-01,18.5
BLR,Belarus,2022-01-01,15.2
BRA,Brazil,2022-01-01,14.1
BTN,Bhutan,2022-01-01,17.7
CAN,Canada,2022-01-01,12.8
CHE,Switzerland,2022-01-01,3.9
CHL,Chile,2022-01-01,24.0
CHN,China,2022-01-01,8.7
COL,Colombia,2022-01-01,29.6
CRI,Costa Rica,2022-01-01,8.9
CYP,Cyprus,2022-01-01,22.8
CZE,Czech Republic,2022-01-01,24.3
DEU,Germany,2022-01-01,23.9
DNK,Denmark,2022-01-01,28.9
ECU,Ecuador,2022-01-01,6.7
EGY,"Egypt, Arab Rep.",2022-01-01,25.8
ESP,Spain,2022-01-01,34.6
EST,Estonia,2022-01-01,27.0
FIN,Finland,2022-01-01,24.2
FRA,France,2022-01-01,23.1
GBR,United Kingdom,2022-01-01,18.5
GEO,Georgia,2022-01-01,14.5
GMB,"Gambia, The",2022-01-01,16.4
GRC,Greece,2022-01-01,35.1
HKG,"Hong Kong SAR, China",2022-01-01,0.8
HRV,Croatia,2022-01-01,20.0
HUN,Hungary,2022-01-01,33.4
IND,India,2022-01-01,12.2
IRL,Ireland,2022-01-01,8.7
ISL,Iceland,2022-01-01,17.3
ISR,Israel,2022-01-01,13.1
ITA,Italy,2022-01-01,42.8
JAM,Jamaica,2022-01-01,20.1
JOR,Jordan,2022-01-01,14.0
JPN,Japan,2022-01-01,8.4
KAZ,Kazakhstan,2022-01-01,29.8
KGZ,Kyrgyz Republic,2022-01-01,4.7
KOR,"Korea, Rep.",2022-01-01,8.8
KWT,Kuwait,2022-01-01,42.2
LKA,Sri Lanka,2022-01-01,73.3
LTU,Lithuania,2022-01-01,25.9
LUX,Luxembourg,2022-01-01,25.6
LVA,Latvia,2022-01-01,30.8
MAR,Morocco,2022-01-01,12.7
MDA,"Moldova, Rep.",2022-01-01,26.6
MEX,Mexico,2022-01-01,8.9
MKD,North Macedonia,2022-01-01,18.5
MLT,Malta,2022-01-01,5.5
MNE,Montenegro,2022-01-01,11.1
MNG,Mongolia,2022-01-01,31.3
MOZ,Mozambique,2022-01-01,21.7
MUS,Mauritius,2022-01-01,18.1
MYS,Malaysia,2022-01-01,7.7
NIC,Nicaragua,2022-01-01,19.3
NLD,Netherlands,2022-01-01,23.8
NOR,Norway,2022-01-01,51.9
NZL,New Zealand,2022-01-01,9.3
OMN,Oman,2022-01-01,42.5
PAK,Pakistan,2022-01-01,31.2
PER,Peru,2022-01-01,10.9
PHL,Philippines,2022-01-01,6.5
POL,Poland,2022-01-01,22.4
PRT,Portugal,2022-01-01,20.5
PRY,Paraguay,2022-01-01,16.3
QAT,Qatar,2022-01-01,47.4
ROU,Romania,2022-01-01,44.7
RUS,Russian Federation,2022-01-01,12.1
RWA,Rwanda,2022-01-01,12.8
SAU,Saudi Arabia,2022-01-01,7.8
SEN,Senegal,2022-01-01,17.2
SGP,Singapore,2022-01-01,15.1
SLV,El Salvador,2022-01-01,5.7
SRB,Serbia,2022-01-01,15.4
SVK,Slovakia,2022-01-01,29.5
SVN,Slovenia,2022-01-01,19.6
SWE,Sweden,2022-01-01,21.2
THA,Thailand,2022-01-01,10.4
TJK,Tajikistan,2022-01-01,11.8
TUR,Turkey,2022-01-01,128.5
TWN,"Taiwan, China",2022-01-01,10.5
UGA,Uganda,2022-01-01,16.1
UKR,Ukraine,2022-01-01,61.0
URY,Uruguay,2022-01-01,12.8
USA,United States,2022-01-01,8.1
UZB,Uzbekistan,2022-01-01,16.7
XKX,Kosovo,2022-01-01,9.3
ZAF,South Africa,2022-01-01,14.4
AGO,Angola,2023-01-01,18.2
ARG,Argentina,2023-01-01,128.5
ARM,Armenia,2023-01-01,1.6
AUT,Austria,2023-01-01,1.8
AZE,Azerbaijan,2023-01-01,-8.8
BEL,Belgium,2023-01-01,-5.5
BGD,Bangladesh,2023-01-01,6.0
BGR,Bulgaria,2023-01-01,-9.2
BIH,Bosnia and Herzegovina,2023-01-01,3.6
BLR,Belarus,2023-01-01,5.8
CHE,Switzerland,2023-01-01,1.9
CHL,Chile,2023-01-01,-4.5
CRI,Costa Rica,2023-01-01,-2.2
CYP,Cyprus,2023-01-01,5.0
CZE,Czech Republic,2023-01-01,5.0
DEU,Germany,2023-01-01,-1.0
DNK,Denmark,2023-01-01,-0.3
EGY,"Egypt, Arab Rep.",2023-01-01,26.6
ESP,Spain,2023-01-01,-3.1
EST,Estonia,2023-01-01,0.9
FIN,Finland,2023-01-01,-3.9
FRA,France,2023-01-01,2.8
GEO,Georgia,2023-01-01,-2.9
GMB,"Gambia, The",2023-01-01,5.2
GRC,Greece,2023-01-01,-7.1
HRV,Croatia,2023-01-01,3.9
HUN,Hungary,2023-01-01,5.8
IND,India,2023-01-01,3.3
IRL,Ireland,2023-01-01,-4.1
IRN,"Iran, Islamic Rep.",2023-01-01,35.3
ISR,Israel,2023-01-01,1.0
ITA,Italy,2023-01-01,-5.6
JPN,Japan,2023-01-01,4.4
KWT,Kuwait,2023-01-01,-13.0
LKA,Sri Lanka,2023-01-01,18.1
LTU,Lithuania,2023-01-01,-2.3
LUX,Luxembourg,2023-01-01,2.8
LVA,Latvia,2023-01-01,0.8
MDA,"Moldova, Rep.",2023-01-01,13.1
MEX,Mexico,2023-01-01,1.7
MKD,North Macedonia,2023-01-01,1.2
MLT,Malta,2023-01-01,3.6
MNE,Montenegro,2023-01-01,6.0
MNG,Mongolia,2023-01-01,2.9
MOZ,Mozambique,2023-01-01,-2.4
NLD,Netherlands,2023-01-01,-0.1
NOR,Norway,2023-01-01,-21.8
NZL,New Zealand,2023-01-01,2.2
PAK,Pakistan,2023-01-01,28.6
PER,Peru,2023-01-01,1.9
POL,Poland,2023-01-01,2.6
PRT,Portugal,2023-01-01,-2.2
QAT,Qatar,2023-01-01,-20.9
ROU,Romania,2023-01-01,5.2
RUS,Russian Federation,2023-01-01,-4.3
RWA,Rwanda,2023-01-01,17.1
SAU,Saudi Arabia,2023-01-01,0.9
SEN,Senegal,2023-01-01,2.7
SGP,Singapore,2023-01-01,-83.3
SRB,Serbia,2023-01-01,3.4
SVK,Slovakia,2023-01-01,8.8
SVN,Slovenia,2023-01-01,6.1
TJK,Tajikistan,2023-01-01,11.8
UGA,Uganda,2023-01-01,4.8
USA,United States,2023-01-01,2.7
UZB,Uzbekistan,2023-01-01,16.7
