Country Code,IMF Country Code,Country,Indicator Type,Series Name,1970,1971,1972,1973,1974,1975,1976,1977,1978,1979,1980,1981,1982,1983,1984,1985,1986,1987,1988,1989,1990,1991,1992,1993,1994,1995,1996,1997,1998,1999,2000,2001,2002,2003,2004,2005,2006,2007,2008,2009,2010,2011,2012,2013,2014,2015,2016,2017,2018,2019,2020,2021,2022,2023,Note
AFG,512,Afghanistan,Inflation,Official Core Consumer Price Inflation,,,,,,,,,,,,,,,,,,,,,,,,,,,,,,,,,,,15.3,10.3,7.7,5.0,8.7,4.7,5.0,14.8,7.9,6.8,2.7,0.2,5.2,5.4,-0.1,,,,,,All Items Excluding Food and Energy
ALB,914,Albania,Inflation,Official Core Consumer Price Inflation,,,,,,,,,,,,,,,,,,,,,,,,,,,,,,,,,,,,,,,,1.6,1.8,3.2,1.7,0.2,0.1,-0.2,0.2,0.8,0.9,0.7,1.4,1.7,6.5,5.2,All Items Excluding Food and Energy
AUS,193,Australia,Inflation,Official Core Consumer Price Inflation,5.0,-10.9,6.5,8.3,15.6,16.3,13.8,12.9,7.5,7.2,9.1,9.1,12.2,9.7,3.6,6.8,9.7,9.4,7.5,7.5,7.5,3.5,1.0,1.7,2.0,4.6,3.4,-0.4,0.9,1.0,4.2,4.3,3.0,2.3,2.0,2.1,2.0,2.5,3.6,2.3,2.7,2.2,2.1,2.4,2.6,2.5,1.8,1.6,1.3,0.7,0.0,1.4,5.5,5.3,All Items Excluding Food and Energy
AUT,122,Austria,Inflation,Official Core Consumer Price Inflation,3.7,5.2,6.4,7.4,9.8,9.4,10.2,6.1,3.7,3.8,5.5,5.2,5.7,4.3,5.5,3.7,3.7,2.1,2.7,2.7,2.9,3.4,4.3,4.3,3.3,2.3,1.5,1.1,1.2,0.7,1.7,2.6,2.2,1.4,1.8,1.7,0.9,1.6,1.9,1.8,1.4,2.4,2.1,2.1,2.0,1.8,1.5,2.0,1.8,1.7,1.9,2.2,5.5,7.7,All Items Excluding Food and Energy
ARM,911,Armenia,Inflation,Official Core Consumer Price Inflation,,,,,,,,,,,,,,,,,,,,,,,,,,,,,,,-3.0,1.0,0.1,2.5,4.9,0.8,2.7,3.8,11.7,3.7,7.5,8.6,5.3,5.8,1.9,5.1,-2.0,0.7,3.7,1.2,1.3,7.2,8.3,2.5,All Items Excluding Food and Energy
AZE,912,Azerbaijan,Inflation,Official Core Consumer Price Inflation,,,,,,,,,,,,,,,,,,,,,,,,,,,,,,,,,,,,,,6.3,6.0,-12.9,4.0,-0.5,-1.6,0.4,0.2,4.0,4.1,-0.1,-0.1,-1.8,,,,,All Items Excluding Food and Energy
BEL,124,Belgium,Inflation,Official Core Consumer Price Inflation,5.3,1.0,1.6,18.3,-3.6,-6.5,6.0,8.0,6.1,4.2,-9.2,23.0,7.1,8.4,6.1,11.8,5.7,3.7,2.3,2.6,2.9,4.2,3.6,3.5,2.7,1.8,1.9,-5.3,1.8,1.3,1.8,2.2,-8.2,24.4,1.9,2.1,0.6,1.6,1.9,1.9,1.4,1.8,2.2,1.4,1.6,1.4,2.0,1.5,1.3,3.8,1.5,1.6,4.6,6.6,All Items Excluding Food and Energy
BGR,918,Bulgaria,Inflation,Official Core Consumer Price Inflation,,,,,,,,,,,,,,,,,,,,,,,,,,,,,,,1.1,2.1,2.1,1.7,1.4,1.4,1.6,1.9,2.7,2.0,1.1,1.8,2.1,1.8,1.6,1.6,2.0,1.6,1.6,1.5,1.5,1.4,10.4,9.8,All Items Excluding Food and Energy
BLR,913,Belarus,Inflation,Official Core Consumer Price Inflation,,,,,,,,,,,,,,,,,,,,,,,,,,,,,,,,,,,17.3,10.1,5.0,6.5,12.3,12.6,6.7,58.6,58.3,13.7,14.3,12.2,10.9,5.4,3.6,4.6,4.6,9.3,16.5,4.0,All Items Excluding Food and Energy
BRA,223,Brazil,Inflation,Official Core Consumer Price Inflation,,,,,,,,,,,,,,,,,,,,,,,962.3,1916.4,2068.6,71.3,18.0,7.2,2.7,4.1,5.6,5.8,8.4,13.1,7.9,7.4,4.5,3.6,4.9,5.2,5.0,6.5,5.6,5.8,6.5,8.6,7.6,4.5,3.3,3.5,2.2,5.1,8.8,6.5,All Items Excluding Food and Energy
CAN,156,Canada,Inflation,Official Core Consumer Price Inflation,3.6,2.9,4.8,6.3,10.0,10.2,8.0,7.5,7.6,8.4,9.5,11.1,10.7,6.2,3.9,4.0,5.3,4.5,4.7,5.4,4.5,6.2,2.1,1.9,0.1,2.1,1.5,1.6,1.4,1.5,1.7,2.1,2.7,2.4,1.3,1.4,1.3,2.0,1.1,1.7,1.3,1.4,1.4,0.8,1.6,2.6,2.0,1.8,2.0,2.3,1.3,2.4,5.1,4.1,All Items Excluding Food and Energy
CHE,146,Switzerland,Inflation,Official Core Consumer Price Inflation,3.4,6.4,7.2,8.8,8.8,7.3,2.2,1.4,0.9,1.7,3.2,5.4,5.8,3.7,2.8,3.5,2.7,2.1,2.2,3.2,5.3,2.4,1.1,3.8,1.0,2.0,0.9,0.3,0.2,0.0,0.9,1.0,0.6,-0.8,0.8,0.8,0.7,0.6,1.5,1.1,0.2,2.6,0.3,-0.8,0.0,-0.3,-0.3,0.3,0.4,0.5,-0.2,0.4,1.7,1.5,All Items Excluding Food and Energy
CHL,228,Chile,Inflation,Official Core Consumer Price Inflation,,,,,,,,,,,,,,,,,,,,,,,,,6.4,2.5,10.2,,,3.8,3.1,3.3,2.7,1.6,1.2,2.4,3.0,2.4,5.2,1.2,0.5,1.3,2.2,1.5,3.6,4.7,4.0,2.0,1.7,2.2,2.3,3.8,8.9,6.7,All Items Excluding Food and Energy
CHN,924,China,Inflation,Official Core Consumer Price Inflation,,,,,,,,,,,,,,,,,,,,,,,,,,,,,,,,,,,,,0.6,0.9,1.0,-1.1,1.0,2.1,1.4,1.7,1.6,1.6,1.6,2.2,1.8,1.7,0.7,0.8,0.7,0.6,All Items Excluding Food and Energy
CMR,622,Cameroon,Inflation,Official Core Consumer Price Inflation,,,,,,,,,,,,,,,,,,,,,,,,,,,,,,,,,,,,,,,,,,,,1.6,1.7,2.5,0.6,0.8,1.0,2.2,2.0,1.5,4.3,6.0,All Items Excluding Food and Energy
COL,233,Colombia,Inflation,Official Core Consumer Price Inflation,,,,,,,,,,,,,,,,,,,,,,,7.4,11.9,8.7,15.5,22.1,19.5,17.1,13.6,7.7,7.7,5.8,6.4,5.7,4.6,3.7,5.8,5.6,4.7,2.8,2.9,3.3,2.5,2.8,4.2,6.6,5.1,3.3,3.4,2.2,2.1,6.5,10.0,All Items Excluding Food and Energy
CRI,238,Costa Rica,Inflation,Official Core Consumer Price Inflation,,,,,,,,,,,,,,,,,,,,,,,,,,,17.3,13.4,11.4,10.6,10.9,10.6,8.8,9.8,9.5,10.4,10.8,7.9,12.5,9.8,5.1,4.6,4.6,5.3,4.3,1.8,0.1,1.2,2.1,2.4,1.3,0.9,4.5,1.0,All Items Excluding Food and Energy
CYP,423,Cyprus,Inflation,Official Core Consumer Price Inflation,5.1,4.5,3.1,13.3,,,,,,,,,-13.7,,,,,,,,-5.5,9.6,,,11.2,-22.2,,2.5,3.1,1.5,2.8,1.6,2.1,3.1,0.8,0.8,0.8,1.7,2.7,2.1,0.4,1.8,1.7,0.4,0.2,-0.3,-0.7,0.0,0.1,0.6,-0.6,1.0,5.3,4.4,All Items Excluding Food and Energy
CZE,935,Czech Republic,Inflation,Official Core Consumer Price Inflation,,,,,,,,,,,,,,,,,,,,,,,,,,,8.0,7.6,7.9,0.0,1.9,2.5,0.6,0.0,1.5,0.5,0.7,1.5,2.1,-0.8,0.1,1.1,0.8,0.1,0.8,0.2,0.5,2.6,1.9,2.2,3.6,5.0,12.2,6.2,All Items Excluding Food and Energy
DEU,134,Germany,Inflation,Official Core Consumer Price Inflation,3.6,5.5,5.5,6.4,6.8,5.7,4.0,3.7,3.0,3.3,5.3,5.8,4.8,3.8,2.5,2.1,0.8,1.2,1.8,2.7,2.5,3.9,5.6,5.4,2.8,2.0,1.6,2.0,1.2,0.6,0.8,0.8,1.6,0.9,1.7,1.1,1.1,1.9,1.4,1.3,0.7,0.9,1.3,1.3,1.4,1.7,1.2,1.2,1.3,1.5,1.0,2.1,3.9,5.0,All Items Excluding Food and Energy
DJI,611,Djibouti,Inflation,Official Core Consumer Price Inflation,,,,,,,,,,,,,,,,,,-5.9,4.5,3.6,5.7,9.2,4.1,-19.2,-0.8,-0.6,10.5,-7.6,1.7,-8.2,,,,,,,,,,,,,,,,2.0,-2.6,0.2,-0.3,0.1,1.8,-0.3,,,All Items Excluding Food and Energy
DNK,128,Denmark,Inflation,Official Core Consumer Price Inflation,-5.9,5.6,6.4,16.4,14.0,9.6,34.7,10.5,10.6,8.9,10.4,10.2,9.8,8.1,6.5,-2.0,-1.6,-14.0,5.2,4.7,3.4,3.0,2.5,1.8,2.0,1.9,1.8,1.9,1.6,2.5,2.2,2.2,2.5,2.3,1.3,1.4,1.4,1.4,13.5,2.3,1.8,1.8,1.9,1.2,0.9,-19.1,2.1,14.5,0.6,0.8,0.9,1.2,4.0,4.3,All Items Excluding Food and Energy
DOM,243,Dominican Republic,Inflation,Official Core Consumer Price Inflation,,,,,,,,,,,,,,,,,,,,,,,,,,,,,,,,7.8,4.8,23.7,47.1,4.9,5.1,4.6,7.2,5.2,3.5,5.5,3.7,4.9,3.2,2.2,1.7,2.2,2.6,2.1,3.6,5.9,7.0,5.3,All Items Excluding Food and Energy
EGY,469,"Egypt, Arab Rep.",Inflation,Official Core Consumer Price Inflation,,,,,,,,,,,,,,,,,,,,,,,,,,,,,,,,,,,,,6.2,7.9,18.9,8.5,7.0,8.3,6.2,9.0,9.2,6.9,13.4,30.6,10.1,5.7,2.3,4.4,15.0,38.3,All Items Excluding unprocessed food and energy
ESP,184,Spain,Inflation,Official Core Consumer Price Inflation,,,,,9.3,,14.9,26.4,21.6,19.1,15.6,12.5,14.7,12.3,10.7,9.2,10.3,6.6,6.1,6.8,6.7,7.0,6.9,5.9,4.4,4.5,3.5,2.6,2.6,2.5,2.9,3.5,2.8,2.9,2.4,2.5,2.8,2.4,2.3,0.8,0.6,1.3,1.2,1.1,0.0,0.5,0.8,1.1,0.9,1.0,0.6,0.6,3.7,4.4,All Items Excluding Food and Energy
EST,939,Estonia,Inflation,Official Core Consumer Price Inflation,,,,,,,,,,,,,,,,,,,,,,,,,,,,,10.1,5.8,3.9,4.1,2.9,2.4,1.2,1.9,3.3,5.4,6.5,1.9,0.8,2.3,2.2,1.4,1.0,1.4,1.3,2.1,2.3,2.1,0.1,2.8,9.7,8.4,All Items Excluding Food and Energy
ETH,644,Ethiopia,Inflation,Official Core Consumer Price Inflation,1.2,5.1,2.9,5.2,9.8,5.3,5.5,7.9,11.1,8.5,12.3,9.5,,,,,,,,,,,,,,,,,,,,,,,,,,,,,,,,,,,,,,,,,,,All Items Excluding Food and Energy
FIN,172,Finland,Inflation,Official Core Consumer Price Inflation,2.5,6.3,6.2,10.5,14.9,17.5,14.4,10.5,8.9,8.3,10.3,10.2,9.0,9.3,7.7,4.9,3.5,4.6,6.5,7.5,6.5,4.8,3.6,2.2,1.5,2.9,0.3,1.1,1.6,1.2,2.6,2.6,1.5,0.6,-0.2,0.2,1.3,2.6,2.5,0.4,1.2,2.0,2.3,1.0,1.5,0.6,1.0,0.7,0.7,0.8,0.5,1.7,4.2,6.6,All Items Excluding Food and Energy
FRA,132,France,Inflation,Official Core Consumer Price Inflation,-1.1,-17.6,6.0,7.1,12.2,-1.8,9.2,8.5,9.4,-15.1,13.1,12.5,11.3,9.5,23.6,5.7,4.2,4.0,3.1,3.2,3.1,3.4,3.2,2.6,1.9,1.9,1.9,1.1,2.1,0.3,0.8,-21.8,1.8,2.1,2.2,1.5,1.3,-11.3,14.6,-11.7,17.0,1.1,1.3,0.9,1.0,0.6,0.4,8.9,1.0,0.7,1.0,1.0,2.8,3.4,All Items Excluding Food and Energy
GBR,112,United Kingdom,Inflation,Official Core Consumer Price Inflation,-3.4,9.1,6.8,8.6,13.8,22.1,15.5,15.5,9.6,13.2,18.2,11.1,8.2,4.4,5.2,6.9,4.5,4.8,5.6,8.3,9.7,5.8,4.1,1.4,2.5,3.3,2.1,1.9,1.4,0.7,0.1,1.1,1.5,1.3,1.1,1.4,1.7,1.9,1.9,1.6,2.0,2.8,2.1,1.9,1.6,1.3,1.6,2.3,1.9,1.7,1.5,2.3,5.3,5.9,All Items Excluding ex Reg Pr & Fuel for Veh & Home
GHA,652,Ghana,Inflation,Official Core Consumer Price Inflation,,,,,,,,,,,,,,,,,,,,,,,,,,,,,,,,,,,,,,,,,,,,,14.8,23.8,22.2,16.5,12.3,,,,,,All Items Excluding Food and Energy
GRC,174,Greece,Inflation,Official Core Consumer Price Inflation,9.4,2.7,4.6,15.4,24.1,14.3,12.7,11.8,12.0,19.3,23.7,22.7,20.9,20.9,18.5,19.3,1.6,17.6,14.3,12.8,18.5,7.7,16.8,16.0,-12.5,30.3,8.6,7.3,6.0,3.6,2.2,3.3,3.4,5.9,3.2,3.2,2.4,2.7,6.9,2.2,3.4,1.9,0.2,-2.0,-1.2,-1.0,-1.1,0.5,22.3,-2.4,-0.7,-0.6,3.3,5.0,All Items Excluding Food and Energy
GTM,258,Guatemala,Inflation,Official Core Consumer Price Inflation,-3.4,10.9,0.6,6.0,27.0,14.0,9.8,3.2,1.6,15.2,19.0,10.1,3.2,5.5,4.7,20.5,11.8,,,,,,,,,,,,,,,,6.8,4.7,5.7,6.7,5.1,4.9,8.1,2.7,2.5,4.7,3.9,3.8,3.2,3.2,3.1,3.0,2.7,3.0,2.4,3.0,4.3,4.5,All Items Excluding Food and Energy
HKG,532,"Hong Kong SAR, China",Inflation,Official Core Consumer Price Inflation,,,,,,,,,,,,,,,,,,,,,,,,,,,,,,,,,,,,,1.7,1.5,2.7,1.8,0.7,5.0,3.9,4.3,4.2,2.6,2.1,1.3,1.9,2.3,-0.2,0.6,0.7,1.5,All Items Excluding Food and Energy
HND,268,Honduras,Inflation,Official Core Consumer Price Inflation,,,,,,,,,,,,,,,,,,,,,,,,,,,,,,,,,8.4,7.7,7.6,7.9,6.0,6.6,9.9,7.2,4.0,5.6,6.1,5.7,5.9,4.8,3.6,4.0,3.8,4.0,4.0,4.6,8.0,6.6,All Items Excluding Food and Energy
HRV,960,Croatia,Inflation,Official Core Consumer Price Inflation,,,,,,,,,,,,,,,,,,,,,,,,,,,,,,4.9,2.8,3.2,2.9,1.8,2.3,2.0,3.5,3.2,3.4,3.6,0.5,0.6,1.0,1.0,0.4,0.7,0.1,0.7,0.9,0.9,1.0,1.6,9.1,7.6,All Items Excluding Food and Energy
HUN,944,Hungary,Inflation,Official Core Consumer Price Inflation,,,,,,,,,,,,,,,,,,,,,,35.8,24.9,21.0,18.3,26.6,22.9,16.5,13.4,9.4,8.2,9.4,5.8,4.5,5.7,2.1,2.2,5.3,5.1,4.1,3.0,2.7,5.1,3.3,2.2,1.2,1.4,2.3,2.5,3.8,3.0,4.5,10.2,13.8,All Items Excluding Food and Energy
IDN,536,Indonesia,Inflation,Official Core Consumer Price Inflation,,,,,,,,,,,,,,,,,,,,,,,,,,,,,,,,,,,,,,,,5.7,4.0,4.6,4.3,4.2,4.5,4.9,3.4,3.1,2.8,3.0,2.3,1.4,2.8,2.4,All Items Excluding unprocessed food and energy
IND,534,India,Inflation,Official Core Consumer Price Inflation,,,,,,,,,,,,,,,,,,,,,,,,,,,,,,,,,,,,,,,,,,,9.4,7.6,6.4,5.2,5.0,4.4,5.7,4.7,4.6,5.9,6.1,5.0,All Items Excluding Food and Energy
IRL,178,Ireland,Inflation,Official Core Consumer Price Inflation,,,,,,,18.4,12.6,7.7,12.7,19.5,21.3,18.6,11.2,-23.8,5.8,4.6,3.6,2.2,3.9,3.8,3.9,3.8,41.2,2.2,2.6,-3.8,1.4,2.2,1.3,5.7,-11.0,17.0,3.9,2.4,2.5,4.2,5.9,3.3,-4.3,-1.2,26.6,-2.2,0.7,0.9,-12.6,1.0,0.3,0.1,1.1,0.3,1.8,4.7,5.9,All Items Excluding Food and Energy
IRN,429,"Iran, Islamic Rep.",Inflation,Official Core Consumer Price Inflation,,,,,,,,,,,,,,,,,,,,,,,,,,,,,,,,2.2,3.1,,,,,,,,,,,33.3,17.7,12.2,7.1,6.0,17.2,33.8,33.1,37.2,35.9,41.8,All Items Excluding Food and Energy
IRQ,433,Iraq,Inflation,Official Core Consumer Price Inflation,,,,,,,,,,,,,,,,,,,,,,,,,,,,,,,,,,,,30.8,31.7,19.3,13.0,5.1,2.9,6.5,5.6,2.4,1.6,1.7,-0.2,0.4,0.1,-0.1,1.0,6.4,4.8,4.6,All Items Excluding Food and Energy
ISL,176,Iceland,Inflation,Official Core Consumer Price Inflation,,,,,,-42.7,84.4,,,,,,,,,-1.2,,,,,,,,3.7,2.5,1.5,1.9,1.1,1.9,3.3,4.7,6.5,6.2,3.0,3.2,5.1,6.3,6.6,11.4,11.4,4.7,2.6,4.6,4.1,2.7,2.1,2.2,2.4,2.5,2.9,2.9,4.4,7.8,8.4,All Items Excluding Fruits & Veg & Regulated Items
ISR,436,Israel,Inflation,Official Core Consumer Price Inflation,,11.7,14.6,20.2,36.3,36.2,32.3,32.4,52.2,78.1,115.0,125.1,121.6,145.4,368.6,299.8,51.6,22.6,16.2,18.5,18.1,20.1,12.1,12.1,13.2,10.1,10.9,8.8,5.4,4.5,0.3,1.0,6.0,-0.3,-1.2,0.1,1.4,0.0,2.8,4.3,2.9,3.0,1.3,0.9,0.8,0.5,0.0,0.0,0.7,0.9,-0.1,1.2,3.9,4.2,All Items Excluding Food and Energy
ITA,136,Italy,Inflation,Official Core Consumer Price Inflation,17.2,5.8,5.7,10.5,16.5,16.9,35.3,-20.3,12.5,15.3,40.7,18.2,17.0,10.6,11.3,9.6,7.0,5.4,5.5,6.4,6.2,5.8,5.7,5.3,4.2,5.0,4.1,2.6,-12.4,-3.6,9.7,10.1,-22.9,2.5,2.1,2.1,1.7,1.9,35.2,-13.4,13.8,-3.3,1.7,1.1,0.8,0.7,-28.6,0.7,0.6,0.6,0.5,0.8,2.9,4.2,All Items Excluding Food and Energy
JOR,439,Jordan,Inflation,Official Core Consumer Price Inflation,,,,,,,,,,,,,,,,,,,,,,,,,,,,,,,,,,,,,,3.2,9.5,-0.8,4.9,4.5,4.5,4.2,4.2,-0.7,0.6,4.7,4.6,1.0,0.2,1.8,3.2,2.3,All Items Excluding Food and Energy
JPN,158,Japan,Inflation,Official Core Consumer Price Inflation,6.9,7.0,5.6,11.5,20.6,11.3,9.8,8.6,5.3,3.9,5.9,4.7,3.0,2.5,2.8,2.6,1.7,1.3,1.0,2.5,2.6,2.7,2.4,1.4,0.9,0.4,0.4,1.7,0.7,-0.1,-0.5,-0.9,-0.8,-0.3,-0.4,-0.3,-0.2,-0.1,0.3,-0.8,-1.1,-0.8,-0.5,-0.1,2.0,1.0,0.4,-0.1,0.2,0.5,0.1,-0.7,0.3,2.7,All Items Excluding Food and Energy
KAZ,916,Kazakhstan,Inflation,Official Core Consumer Price Inflation,,,,,,,,,,,,,,,,,,,,,,,,,,,,,,,,,,5.1,7.2,6.8,7.7,10.2,17.9,8.2,6.5,8.0,5.6,4.3,6.7,7.7,15.4,7.0,6.2,7.4,7.4,8.0,15.1,14.9,All Items Excluding Food and Energy
KGZ,917,Kyrgyz Republic,Inflation,Official Core Consumer Price Inflation,,,,,,,,,,,,,,,,,,,,,,,,,,,,,,,,,,,,,,,,,,2.0,1.3,0.3,2.0,5.7,3.5,4.0,1.7,3.7,5.2,6.4,,,All Items Excluding Food and Energy
KOR,542,"Korea, Rep.",Inflation,Official Core Consumer Price Inflation,,,20.5,27.3,41.5,16.0,15.6,9.5,11.9,19.5,28.3,20.6,8.7,4.1,2.1,2.2,3.7,3.0,6.1,6.0,8.4,8.3,6.2,5.2,5.1,4.6,5.1,3.4,5.9,0.3,1.9,3.6,3.0,3.1,2.9,2.3,1.8,2.3,4.3,3.6,1.8,3.2,1.7,1.6,2.0,2.2,1.6,1.5,1.2,0.9,0.4,1.4,3.6,3.4,All Items Excluding Food and Energy
KWT,443,Kuwait,Inflation,Official Core Consumer Price Inflation,,,,,,,,,,,,,,,,,,,,,,,,,,,,,,,,,0.2,-1.1,0.8,4.3,3.0,4.8,9.1,3.7,2.2,,,,,,,,0.6,1.1,1.6,2.3,3.3,3.0,All Items Excluding Food and Energy
LAO,544,"Lao, PDR",Inflation,Official Core Consumer Price Inflation,,,,,,,,,,,,,,,,,,,,,,,,,,,,,,,,,,,,,,,,,,,3.5,3.8,2.8,1.9,1.1,1.0,2.2,2.1,2.3,3.8,21.7,,All Items Excluding Food and Energy
LBN,446,Lebanon,Inflation,Official Core Consumer Price Inflation,,,,,,,,,,,,,,,,,,,,,,,,,,,,,,,,,,,,,,,,,,,,,,,,,,,,,,,All Items Excluding Food and Energy
LBY,672,Libya,Inflation,Official Core Consumer Price Inflation,,,,,,,,,,,,,,,,,,,,,,,,,,,,,,,,,,,,1.1,1.6,1.1,4.3,2.0,2.2,,,,,,,,,,,,,,All Items Excluding Food and Energy
LKA,524,Sri Lanka,Inflation,Official Core Consumer Price Inflation,,,,,,,,,,,,,,,,,,,,,,,,,,,,,,,,,,,,,,,,2.1,2.9,3.6,8.5,7.9,2.1,0.8,1.8,3.1,3.4,3.7,4.1,5.5,42.0,15.8,Dynamic Core Consumer Price Index
LTU,946,Lithuania,Inflation,Official Core Consumer Price Inflation,,,,,,,,,,,,,,,,,,,,,,,,,,,20.3,10.8,8.5,3.2,-1.0,0.0,0.5,0.7,0.7,1.2,2.3,5.1,9.0,3.9,0.1,2.3,2.3,1.3,1.0,1.2,2.2,3.9,2.2,2.4,3.1,3.5,10.3,9.9,All Items Excluding Food and Energy
LUX,137,Luxembourg,Inflation,Official Core Consumer Price Inflation,4.3,4.9,5.2,6.2,9.6,10.1,9.6,7.1,3.5,4.2,5.8,7.4,8.8,7.7,6.3,4.2,2.5,1.0,1.8,3.2,3.1,3.4,4.3,4.2,2.6,2.0,0.9,1.3,1.1,0.9,2.2,2.7,1.9,1.9,1.9,1.8,2.1,2.1,2.0,2.0,1.6,2.4,2.1,2.1,1.3,1.6,1.0,1.4,0.9,1.8,1.3,1.6,4.0,3.7,All Items Excluding Food and Energy
LVA,941,Latvia,Inflation,Official Core Consumer Price Inflation,,,,,,,,,,,,,,,,,,,,,,,,,,,21.1,16.7,6.8,2.3,0.7,0.6,1.6,0.8,4.4,4.3,4.7,8.5,12.2,5.4,-2.2,0.8,0.4,0.2,1.8,1.8,1.6,1.6,2.3,2.8,1.2,1.9,7.2,8.3,All Items Excluding unprocessed food and energy
MAC,546,"Macao SAR, China",Inflation,Official Core Consumer Price Inflation,,,,,,,,,,,,,,,,,,,,,,,,,,,,,,,,,,,,,,,,,19.5,41.2,13.9,14.2,11.0,-5.9,-15.7,6.3,,,,,,,All Items Excluding Food and Energy
MAR,686,Morocco,Inflation,Official Core Consumer Price Inflation,,,,,,,,,,,,,,,,,,,,,,,,,,,,,,,2.2,2.0,1.6,1.1,1.5,1.6,3.1,1.7,4.5,0.7,0.4,1.8,0.9,1.5,1.2,1.4,0.8,1.3,1.8,0.6,0.5,1.6,5.8,,All Items Excluding Food and Energy
MEX,273,Mexico,Inflation,Official Core Consumer Price Inflation,,,,,,,,,,,27.0,29.5,59.1,102.8,66.0,58.0,86.5,131.8,111.7,20.0,26.3,23.0,14.9,10.6,7.3,34.6,33.2,19.9,16.1,17.2,9.7,6.5,4.5,3.9,3.8,3.5,3.3,3.8,4.7,5.0,3.9,3.2,3.4,2.7,3.2,2.4,3.0,4.7,3.8,3.7,3.2,3.9,6.0,5.7,All Items Excluding Food and Energy
MKD,962,North Macedonia,Inflation,Official Core Consumer Price Inflation,,,,,,,,,,,,,,,,,,,,,,,,,,,,,,,,,,,,,3.4,0.7,2.5,0.4,0.2,1.2,2.0,3.1,0.6,0.6,1.4,2.3,1.5,0.5,0.9,2.4,12.3,8.1,All Items Excluding Food and Energy
MLT,181,Malta,Inflation,Official Core Consumer Price Inflation,,,,,,,,,,,,,,,,,,,2.1,,,,,24.8,-23.8,,,4.0,4.0,2.4,2.9,2.3,2.7,1.9,2.9,1.9,1.8,0.8,3.9,1.5,1.1,1.5,2.6,0.7,1.7,1.6,1.2,1.0,1.8,1.4,0.8,0.6,6.2,,All Items Excluding Excluding Food Products
MNE,943,Montenegro,Inflation,Official Core Consumer Price Inflation,,,,,,,,,,,,,,,,,,,,,,,,,,,,,,,,,,,,,,,,,,6.6,1.6,-1.4,-1.5,-1.3,-0.9,,,,,,,,All Items Excluding Food and Energy
MUS,684,Mauritius,Inflation,Official Core Consumer Price Inflation,,,,,,,,,,,,,,,,,,,,,,,,,,,,,,,,,4.8,6.6,15.0,15.9,12.7,6.6,9.5,3.8,2.8,4.7,3.1,2.6,3.1,1.7,2.2,2.2,1.8,1.8,3.1,4.5,7.3,5.2,All Items Excluding Food and Energy
MYS,548,Malaysia,Inflation,Official Core Consumer Price Inflation,,,,,,,,,,,,,,,,,,,,,,,,,,,,,,,,,,,,,1.5,1.5,2.6,1.6,1.4,1.9,1.3,1.4,2.2,3.3,2.7,1.8,0.6,1.1,0.9,0.4,1.7,1.8,All Items Excluding Food and Energy
NGA,694,Nigeria,Inflation,Official Core Consumer Price Inflation,,,,,,,,,,,,,,,,,,,,,,,,,,,24.0,7.5,4.3,5.2,7.7,10.8,8.1,19.8,13.1,10.5,13.9,2.9,6.7,11.2,12.0,10.6,13.3,6.8,7.2,8.2,12.6,13.0,11.2,9.8,10.9,13.7,16.0,20.8,All Items Excluding Food and Energy
NIC,278,Nicaragua,Inflation,Official Core Consumer Price Inflation,,,,,,,,,,,,,,,,,,,,,,,,,,,,,,,,,,,,,,,,,,,8.1,6.2,5.0,6.4,4.4,4.2,4.1,5.8,3.6,4.4,8.2,7.6,All Items Excluding Food and Energy
NLD,138,Netherlands,Inflation,Official Core Consumer Price Inflation,3.8,8.5,8.3,8.2,9.7,10.4,8.5,6.5,4.8,4.5,6.3,5.9,5.4,3.5,3.2,2.6,1.2,0.7,1.0,1.2,2.1,2.8,3.7,3.6,2.9,2.3,3.8,1.7,2.1,2.2,1.6,3.5,3.4,2.0,1.5,1.2,0.4,1.5,1.8,1.8,1.6,1.8,2.0,2.7,1.4,1.3,0.8,1.0,1.3,2.0,2.1,1.9,4.2,5.6,All Items Excluding Food and Energy
NOR,142,Norway,Inflation,Official Core Consumer Price Inflation,-26.1,,,-13.2,,,,,,4.5,10.4,12.3,10.6,8.7,6.0,5.8,7.7,9.3,6.6,4.8,3.9,3.5,2.6,2.9,1.5,2.4,1.1,2.2,2.3,2.2,2.5,3.3,2.0,1.1,0.5,1.4,1.0,1.7,2.3,2.6,1.5,1.8,1.6,1.7,2.5,2.6,3.3,1.7,1.2,2.6,3.1,1.7,3.6,5.8,All Items Excluding Food and Energy
NZL,196,New Zealand,Inflation,Official Core Consumer Price Inflation,6.7,11.0,7.6,7.5,11.1,15.6,16.1,13.2,12.2,12.5,16.1,15.3,17.2,8.4,6.2,15.4,15.0,16.7,6.8,5.3,5.9,3.0,1.1,1.3,2.3,4.3,2.4,0.9,1.0,-0.4,2.3,2.1,2.7,1.8,2.2,2.8,2.8,2.4,2.0,2.6,1.9,2.6,1.3,1.2,1.5,1.3,1.4,1.4,1.2,1.8,2.3,3.7,6.0,5.6,All Items Excluding Food and Energy
OMN,449,Oman,Inflation,Official Core Consumer Price Inflation,,,,,,,,,,,,,,,,,,,,,,,,,,,,,,,,,,,,,,2.3,5.9,3.4,4.0,4.3,4.0,0.7,1.2,0.5,0.5,1.1,0.9,0.1,1.0,3.4,,,All Items Excluding Food and Energy
PAN,283,Panama,Inflation,Official Core Consumer Price Inflation,4.6,5.5,6.7,11.7,28.8,12.5,5.8,9.3,5.5,7.5,13.1,13.7,5.7,3.9,2.2,,,,,,,,,,,,,,,,,,,,,,,,,,,,,,,,,,,,,,,,All Items Excluding Food and Energy
PER,293,Peru,Inflation,Official Core Consumer Price Inflation,,,,,,,,,,,,,,,,,,,,,,,71.4,47.6,25.2,13.5,10.0,8.8,6.7,6.5,3.7,2.3,1.1,1.0,1.1,1.1,1.4,2.0,4.6,4.4,1.9,3.0,3.6,3.5,3.5,3.8,4.0,3.0,2.3,2.4,1.8,2.4,5.6,5.9,All Items Excluding Food and Energy
PHL,566,Philippines,Inflation,Official Core Consumer Price Inflation,,,,,,,,,,,,,,,,,,,,,,,,,,,,,,,6.8,5.9,3.3,2.5,4.2,6.2,5.4,2.9,5.8,4.2,3.6,4.3,3.7,2.9,3.0,2.1,1.9,2.9,3.9,3.0,3.2,3.6,4.6,4.9,All Items Excluding  Food and Beverages
PNG,853,Papua New Guinea,Inflation,Official Core Consumer Price Inflation,,,,,,,,,,,,,,,,,,,,,,,,,,,,,,,,,,,,,,,,,,,,,5.9,3.0,2.1,3.0,5.9,2.3,2.6,4.6,5.3,,All Items Excluding Food and Energy
POL,964,Poland,Inflation,Official Core Consumer Price Inflation,,,,,,,,,,,,,,,,,20.0,33.3,68.8,155.6,665.9,20.6,15.5,16.1,26.8,20.4,21.5,16.2,13.8,10.2,9.2,5.7,2.7,0.7,1.7,1.3,0.3,1.1,2.5,2.8,1.7,2.4,2.2,1.2,0.6,0.3,-0.3,0.8,0.7,1.9,3.9,4.1,9.0,9.9,All Items Excluding Food and Energy
PRT,182,Portugal,Inflation,Official Core Consumer Price Inflation,9.5,15.0,11.8,15.6,21.6,-33.3,20.2,27.5,22.4,18.8,14.8,18.2,18.8,21.0,25.5,20.9,2.6,-3.5,12.4,14.6,13.3,14.7,12.4,10.6,13.1,5.3,3.7,5.3,2.3,2.8,2.8,3.5,4.8,3.4,2.5,-17.3,13.2,2.4,2.0,1.1,1.0,-1.1,-20.1,0.2,0.1,-24.8,0.7,1.1,0.7,0.5,0.0,0.8,5.6,5.0,All Items Excluding Food and Energy
PRY,288,Paraguay,Inflation,Official Core Consumer Price Inflation,,,,,,,,,,,,,,,,,,,,,,,,,20.2,14.1,9.5,6.3,12.2,7.4,5.9,5.0,9.8,13.3,3.1,5.3,9.1,6.4,10.6,2.8,4.8,7.9,2.7,3.8,4.7,3.7,4.7,4.7,3.2,2.6,2.7,4.6,7.5,5.8,All Items Excluding Food and Energy
QAT,453,Qatar,Inflation,Official Core Consumer Price Inflation,,,,,,,,,,,,,,,,,,,,,,,,,,,,,,,,,,,,,,,,,,,,,,,1.8,1.5,1.2,-0.4,-2.0,4.2,4.7,2.6,All Items Excluding Food and Energy
ROU,968,Romania,Inflation,Official Core Consumer Price Inflation,,,,,,,,,,,,,,,,,,,,,,,,,,,,,,,,,,,,,,,7.2,6.1,5.7,4.3,2.8,2.6,1.0,-0.8,-0.8,1.6,3.1,3.6,4.0,4.7,8.8,12.0,All Items Excluding Food and Energy
RUS,922,Russian Federation,Inflation,Official Core Consumer Price Inflation,,,,,,,,,,,,,,,,,,,,,,,,,,,,,,,,,,,10.7,10.0,8.1,8.2,13.7,12.1,5.5,7.6,5.6,5.6,7.6,16.3,7.5,3.5,2.5,4.2,3.0,6.7,16.3,5.5,All Items Excluding Food and Energy
RWA,714,Rwanda,Inflation,Official Core Consumer Price Inflation,,,,,,,,,,,,,,,,,,,,,,,,,,,,,,,,,,,,,,,,,,,,,,,,,,,,,,,All Items Excluding Food and Energy
SAU,456,Saudi Arabia,Inflation,Official Core Consumer Price Inflation,,,,,,,,,,,,,,,,,,,,,,,,,,,,,,,-0.9,-2.1,-0.6,-1.0,-1.1,-2.5,-0.4,1.3,0.9,1.9,1.2,1.4,2.9,2.0,1.2,0.9,2.1,-1.2,3.1,-0.4,3.5,4.9,1.2,,All Items Excluding Food and Energy
SDN,732,Sudan,Inflation,Official Core Consumer Price Inflation,,,,,,,,,,,,,,,,,,,,,,,,,,,,,,,4.1,3.3,9.4,3.6,4.5,-0.2,13.4,12.1,8.0,10.2,9.9,15.8,34.5,48.7,47.6,20.5,22.7,31.0,58.9,51.0,163.3,359.1,,,All Items Excluding Food and Energy
SEN,722,Senegal,Inflation,Official Core Consumer Price Inflation,,,,,,,,,,,,,,,,,,,,,,,,,,,,,,,,,,,,,,,,,,,,,,,,,,,,2.6,6.6,3.7,All Items Excluding Food and Energy
SGP,576,Singapore,Inflation,Official Core Consumer Price Inflation,,,,,,-1.7,9.0,5.0,3.9,12.9,16.8,1.6,-4.4,-2.6,-0.7,-2.7,-11.7,8.3,0.4,-0.1,-1.0,3.6,1.6,1.8,2.5,2.2,1.8,1.5,0.4,0.5,1.5,1.6,-0.1,0.9,2.0,1.3,1.7,2.2,5.7,0.0,1.5,2.2,2.5,1.7,1.9,0.5,0.9,1.5,1.7,1.0,-0.2,0.9,4.1,4.2,All Items Excluding Food and Energy
SLB,813,Solomon Islands,Inflation,Official Core Consumer Price Inflation,,,,,,,,,,,,,,,,,,,,,,,,,,,,,,,,,,,,,,,,,,,,,,,,,,,,,,,All Items Excluding Food and Energy
SLE,724,Sierra Leone,Inflation,Official Core Consumer Price Inflation,,,,,,,,,,,,,,,,,,,,,,,,,,,,,,,,,,,,,,,,,,,,,,,,,,,,,,,All Items Excluding Food and Energy
SLV,253,El Salvador,Inflation,Official Core Consumer Price Inflation,,,,,,,,,,,,,,,,,,,,11.6,23.0,7.0,4.1,1.3,4.0,6.9,4.0,-3.5,-5.3,-0.2,4.3,-4.0,-0.2,4.5,6.5,6.0,8.8,7.0,14.7,-17.6,-0.4,2.3,1.2,0.7,0.5,0.2,0.0,0.1,0.2,0.1,0.3,2.1,4.9,2.7,"All Items Excluding Food, Bev, Tobacco, Mtg Int, Energy & Admin Pr"
SMR,135,San Marino,Inflation,Official Core Consumer Price Inflation,,,,,,,,,,,,,,,,,,,,,,,,,,,,,,,,,,,,,,,,,,,,,,,,,,,,,,,All Items Excluding Food and Energy
SOM,726,Somalia,Inflation,Official Core Consumer Price Inflation,,,,,,,,,,,,,,,,,,,,,,,,,,,,,,,,,,,,,,,,,,,,,,,,,,,,,,,All Items Excluding Food and Energy
SRB,942,Serbia,Inflation,Official Core Consumer Price Inflation,,,,,,,,,,,,,,,,,,,,,,,,,,,,,,,,,,,,,,9.1,7.9,6.6,9.6,7.4,11.1,3.5,1.5,2.6,1.5,2.0,1.3,1.3,1.6,2.9,10.0,11.6,All Items Excluding Food and Energy
SVK,936,Slovakia,Inflation,Official Core Consumer Price Inflation,,,,,,,,,,,,,,,,,,,,,,,,,,,6.6,6.7,7.6,9.0,9.8,7.0,4.0,3.4,3.2,1.8,2.8,2.7,3.9,1.4,0.8,1.4,2.6,0.8,0.3,0.2,0.2,1.5,2.5,1.9,2.2,4.1,9.7,9.4,All Items Excluding Food and Energy
SVN,961,Slovenia,Inflation,Official Core Consumer Price Inflation,,,,,,,,,,,,,,,,,,,,,,,,,,,,,,,7.3,7.8,8.0,5.8,3.1,1.1,1.6,3.8,5.0,1.5,0.3,0.8,1.7,1.7,0.5,0.5,0.6,1.1,1.2,1.7,0.7,1.1,5.8,7.3,All Items Excluding Volatile Goods and Services
SWE,144,Sweden,Inflation,Official Core Consumer Price Inflation,6.7,6.9,5.8,6.4,9.0,9.8,9.5,11.2,9.7,6.7,12.5,11.0,7.4,8.6,7.7,6.8,4.8,4.7,6.1,6.3,8.8,10.7,4.3,4.5,2.4,2.7,1.4,0.2,-0.5,0.3,0.3,1.8,2.0,1.1,0.2,0.0,0.7,2.6,2.1,-1.0,0.5,3.0,0.9,-0.2,0.0,0.0,0.9,1.4,1.1,1.5,1.2,1.3,5.8,10.0,All Items Excluding Volatile Goods and Services 
SYR,463,Syrian Arab Republic,Inflation,Official Core Consumer Price Inflation,,,,,,,,,,,,,,,,,,,,,,,,,,,,,,,,,,,,,,0.9,5.2,-0.2,3.0,3.6,26.4,50.2,31.1,,,,,,,,,,All Items Excluding Food and Energy
TCD,628,Chad,Inflation,Official Core Consumer Price Inflation,,,,,,,,,,,,,,,,,,18.7,14.7,24.2,8.6,11.3,2.0,8.3,,,,,,,,,,,,,,,,,,,,,,,,,,-2.1,6.6,1.2,8.2,,All Items Excluding Food and Energy
THA,578,Thailand,Inflation,Official Core Consumer Price Inflation,,,,,,,,,,,,,,,,,3.7,3.2,3.6,4.1,4.8,4.8,4.4,4.5,4.1,4.2,3.7,4.2,6.9,1.7,1.1,1.8,0.4,-0.3,0.3,1.6,2.4,0.8,0.0,-1.1,0.8,0.5,0.9,0.8,0.6,0.9,0.7,0.3,0.5,0.4,0.1,0.0,0.6,0.6,All Items Excluding Food and Energy
TJK,923,Tajikistan,Inflation,Official Core Consumer Price Inflation,,,,,,,,,,,,,,,,,,,,,,,,,,,,,,,,,,,,,6.1,7.5,8.7,5.8,5.9,6.0,8.4,5.3,4.6,3.9,7.1,3.3,4.2,3.9,4.1,4.9,,,All Items Excluding Food and Energy
TKM,925,Turkmenistan,Inflation,Official Core Consumer Price Inflation,,,,,,,,,,,,,,,,,,,,,,,,,,,,,,,,,,,5.2,8.2,5.1,4.7,14.4,4.5,6.6,1.7,5.3,8.9,5.0,7.4,,,,,,,,,All Items Excluding Food and Energy
TTO,369,Trinidad and Tobago,Inflation,Official Core Consumer Price Inflation,,,,,,,,,,,,,,,,,,,,,,,4.2,2.5,4.5,1.8,1.0,1.3,1.8,1.1,1.2,1.1,0.6,0.4,1.6,2.6,3.6,4.3,6.2,4.2,4.3,1.7,2.5,2.4,2.0,1.8,2.1,1.7,1.0,1.1,0.1,1.5,4.7,3.9,All Items Excluding Food and Energy
TUN,744,Tunisia,Inflation,Official Core Consumer Price Inflation,0.8,3.9,1.3,6.2,33.5,10.4,-1.9,2.4,2.2,7.4,12.9,17.9,8.3,4.3,7.0,7.2,4.0,,,,,,,,,,,,,,,1.6,1.7,1.8,2.2,2.2,2.5,2.3,3.3,3.0,2.8,2.9,4.2,4.6,4.3,4.7,4.4,5.4,7.5,6.9,6.7,5.7,7.1,7.5,All Items Excluding Food and Energy
TUR,186,Turkey,Inflation,Official Core Consumer Price Inflation,,,,,,,,,,,,,,,,,,,,,,,,,102.4,86.2,80.8,83.5,87.8,71.5,58.0,51.1,43.2,21.8,9.8,8.9,7.4,7.1,6.2,4.4,4.1,5.7,7.2,6.3,9.2,8.0,8.5,10.1,16.5,13.4,11.2,18.3,58.6,58.5,All Items Excluding Food and Energy
TWN,528,"Taiwan, China",Inflation,Official Core Consumer Price Inflation,,,,,,,,,,,,,2.3,1.9,1.7,1.4,0.6,0.6,2.3,4.0,4.6,4.9,3.3,3.1,3.5,3.5,2.9,1.4,0.8,0.8,1.1,0.3,0.0,-0.7,0.3,0.2,0.5,1.0,1.3,-0.6,0.5,0.8,0.6,0.4,0.4,0.4,0.6,0.7,1.0,0.3,0.2,1.3,1.8,2.0,All Items Excluding Food and Energy
UGA,746,Uganda,Inflation,Official Core Consumer Price Inflation,,,,,,,,,,,,,,,,,,,,,,,,,,,,,,,,,,,,,,6.6,11.5,11.0,4.8,17.3,14.7,6.3,3.1,4.2,5.6,4.4,2.4,3.6,3.2,2.8,6.0,4.7,All Items Excluding Food and Energy
UKR,926,Ukraine,Inflation,Official Core Consumer Price Inflation,,,,,,,,,,,,,,,,,,,,,,,,,,,,,,,,,,,,,,,,19.4,8.6,7.7,3.3,0.2,9.9,40.4,11.0,7.3,9.1,6.8,3.3,6.9,16.0,12.9,All Items Excluding Food and Energy
URY,298,Uruguay,Inflation,Official Core Consumer Price Inflation,,,,,,,,,,,,,,,,,,,,,,,,,,,,,,,,,,,,,9.1,8.4,22.1,-18.2,9.1,14.1,-0.5,-2.6,-4.3,-12.8,-11.0,,,,,,,,All Items Excluding Food and Energy
USA,111,United States,Inflation,Official Core Consumer Price Inflation,6.2,4.7,3.1,3.5,8.2,9.2,6.6,6.3,7.3,9.7,12.4,10.5,7.4,3.9,4.9,4.4,4.0,4.1,4.4,4.5,5.0,4.9,3.7,3.3,2.9,3.0,2.7,2.4,2.3,2.1,2.4,2.7,2.3,1.5,1.8,2.2,2.5,2.3,2.3,1.7,1.0,1.7,2.1,1.8,1.7,1.8,2.2,1.8,2.1,2.2,1.7,3.6,6.2,4.8,All Items Excluding Food and Energy
VEN,299,"Venezuela, RB",Inflation,Official Core Consumer Price Inflation,,,,,,,,,,,,,,,,,,,37.5,78.8,22.0,22.2,14.8,35.6,81.8,51.0,112.8,22.3,15.5,11.6,9.9,7.4,53.8,55.2,29.2,12.6,8.1,13.9,19.0,30.7,28.7,27.9,22.2,43.0,38.2,147.5,385.9,,,,,,,,"All Items Excluding Fruits, Vegetables, Taxed Srv & Fuels"
VNM,582,Vietnam,Inflation,Official Core Consumer Price Inflation,,,,,,,,,,,,,,,,,,,,,,,,,,,,,,,,,,,,,,,,,7.8,13.6,8.2,4.8,3.3,2.1,1.8,1.4,1.5,2.0,2.3,0.8,2.6,4.2,"All Items Excluding Housing, Water, Electricity and Gas "
XKX,967,Kosovo,Inflation,Official Core Consumer Price Inflation,,,,,,,,,,,,,,,,,,,,,,,,,,,,,,,,,,,,,,8.5,-4.8,6.3,15.0,0.0,0.2,-0.4,-0.4,-0.7,-2.6,,,,,,,,All Items Excluding Food and Energy
ZAF,199,South Africa,Inflation,Official Core Consumer Price Inflation,,,,,,,,,,,,,,,,,,,,,,,,,,,,,,,,,,5.1,-2.4,1.5,1.8,4.8,6.7,7.4,4.1,3.5,4.6,5.2,5.6,5.5,5.6,4.7,4.3,4.1,3.3,3.1,4.3,4.8,All Items Excluding Food and Energy
